disorder	score_x	method_x	threshold_x	score_y	method_y	threshold_y	n	pearson	spearman	z_rmse
BPD	Shizhong_BPD_Pt_1e-08	Shizhong_C+T	1e-08	Shizhong_BPD_Pt_1e-07	Shizhong_C+T	1e-07	119	0.830150445400841	0.780629539951574	0.580383058708046
BPD	Shizhong_BPD_Pt_1e-08	Shizhong_C+T	1e-08	Shizhong_BPD_Pt_1e-06	Shizhong_C+T	1e-06	119	0.712920534360766	0.639581256231306	0.754542289278568
BPD	Shizhong_BPD_Pt_1e-08	Shizhong_C+T	1e-08	Shizhong_BPD_Pt_1e-05	Shizhong_C+T	1e-05	119	0.62794454551267	0.550049850448654	0.858986540130946
BPD	Shizhong_BPD_Pt_1e-08	Shizhong_C+T	1e-08	Shizhong_BPD_Pt_1e-04	Shizhong_C+T	1e-04	119	0.485575168102511	0.430928642643498	1.01005141864209
BPD	Shizhong_BPD_Pt_1e-08	Shizhong_C+T	1e-08	Shizhong_BPD_Pt_0.001	Shizhong_C+T	0.001	119	0.443774431108605	0.435982117900773	1.05028701262743
BPD	Shizhong_BPD_Pt_1e-08	Shizhong_C+T	1e-08	Shizhong_BPD_Pt_0.01	Shizhong_C+T	0.01	119	0.408297541293739	0.378450363196126	1.08326374363522
BPD	Shizhong_BPD_Pt_1e-08	Shizhong_C+T	1e-08	Shizhong_BPD_Pt_0.05	Shizhong_C+T	0.05	119	0.401430534150454	0.3839481555334	1.08953152348907
BPD	Shizhong_BPD_Pt_1e-08	Shizhong_C+T	1e-08	Shizhong_BPD_Pt_0.1	Shizhong_C+T	0.1	119	0.391974261660226	0.365882882872062	1.09810407371408
BPD	Shizhong_BPD_Pt_1e-08	Shizhong_C+T	1e-08	Shizhong_BPD_Pt_0.2	Shizhong_C+T	0.2	119	0.37350836977347	0.344502207662726	1.11465420169522
BPD	Shizhong_BPD_Pt_1e-08	Shizhong_C+T	1e-08	Shizhong_BPD_Pt_0.3	Shizhong_C+T	0.3	119	0.365763205866731	0.353859849024356	1.1215231367869
BPD	Shizhong_BPD_Pt_1e-08	Shizhong_C+T	1e-08	Shizhong_BPD_Pt_0.4	Shizhong_C+T	0.4	119	0.359930393356701	0.346987608602763	1.12666842545002
BPD	Shizhong_BPD_Pt_1e-08	Shizhong_C+T	1e-08	Shizhong_BPD_Pt_0.5	Shizhong_C+T	0.5	119	0.368092704010266	0.355839623985187	1.11946161224517
BPD	Shizhong_BPD_Pt_1e-08	Shizhong_C+T	1e-08	Shizhong_BPD_Pt_0.6	Shizhong_C+T	0.6	119	0.377858936264081	0.374455205811138	1.11077719419339
BPD	Shizhong_BPD_Pt_1e-08	Shizhong_C+T	1e-08	Shizhong_BPD_Pt_0.7	Shizhong_C+T	0.7	119	0.378791402244254	0.379227956233554	1.10994446477152
BPD	Shizhong_BPD_Pt_1e-08	Shizhong_C+T	1e-08	Shizhong_BPD_Pt_0.8	Shizhong_C+T	0.8	119	0.37971854229342	0.3792237203106	1.10911587174844
BPD	Shizhong_BPD_Pt_1e-08	Shizhong_C+T	1e-08	Shizhong_BPD_Pt_0.9	Shizhong_C+T	0.9	119	0.378357791609954	0.375772681954138	1.11033177409811
BPD	Shizhong_BPD_Pt_1e-08	Shizhong_C+T	1e-08	Shizhong_BPD_Pt_1	Shizhong_C+T	1	119	0.378024466451196	0.375343836409551	1.11062941469505
BPD	Shizhong_BPD_Pt_1e-08	Shizhong_C+T	1e-08	PRSice_BPD_Pt_5e-08	PRSice_C+T	5e-08	119	0.784446636503559	0.788783649052842	0.653822591677513
BPD	Shizhong_BPD_Pt_1e-08	Shizhong_C+T	1e-08	PRSice_BPD_Pt_1e-06	PRSice_C+T	1e-06	119	0.700440485007346	0.663416892180601	0.770768717766848
BPD	Shizhong_BPD_Pt_1e-08	Shizhong_C+T	1e-08	PRSice_BPD_Pt_0.0001	PRSice_C+T	1e-04	119	0.588031303105416	0.498782224754309	0.903888018586307
BPD	Shizhong_BPD_Pt_1e-08	Shizhong_C+T	1e-08	PRSice_BPD_Pt_0.001	PRSice_C+T	0.001	119	0.511936793633363	0.508175473579262	0.983831118520414
BPD	Shizhong_BPD_Pt_1e-08	Shizhong_C+T	1e-08	PRSice_BPD_Pt_0.01	PRSice_C+T	0.01	119	0.4402652383286	0.399416037601481	1.05359490147967
BPD	Shizhong_BPD_Pt_1e-08	Shizhong_C+T	1e-08	PRSice_BPD_Pt_0.05	PRSice_C+T	0.05	119	0.404264464507101	0.381655034895314	1.08694926700594
BPD	Shizhong_BPD_Pt_1e-08	Shizhong_C+T	1e-08	PRSice_BPD_Pt_0.1	PRSice_C+T	0.1	119	0.401492439586803	0.379112662013958	1.08947518109924
BPD	Shizhong_BPD_Pt_1e-08	Shizhong_C+T	1e-08	PRSice_BPD_Pt_0.5	PRSice_C+T	0.5	119	0.398648389691931	0.379646773963823	1.09206065347263
BPD	Shizhong_BPD_Pt_1e-08	Shizhong_C+T	1e-08	PRSice_BPD_Pt_1	PRSice_C+T	1	119	0.402513451649302	0.385215781227745	1.08854550018491
BPD	Shizhong_BPD_Pt_1e-08	Shizhong_C+T	1e-08	GraphPred_BPD	GraphPred_bcftools	NA	119	0.549630660016957	0.499871813132033	0.94507642408502
BPD	Shizhong_BPD_Pt_1e-07	Shizhong_C+T	1e-07	Shizhong_BPD_Pt_1e-06	Shizhong_C+T	1e-06	119	0.794026567159984	0.732317333713146	0.639128412224783
BPD	Shizhong_BPD_Pt_1e-07	Shizhong_C+T	1e-07	Shizhong_BPD_Pt_1e-05	Shizhong_C+T	1e-05	119	0.685673249465282	0.611216350947159	0.789538281870766
BPD	Shizhong_BPD_Pt_1e-07	Shizhong_C+T	1e-07	Shizhong_BPD_Pt_1e-04	Shizhong_C+T	1e-04	119	0.544075866014613	0.512875658738072	0.950886784787561
BPD	Shizhong_BPD_Pt_1e-07	Shizhong_C+T	1e-07	Shizhong_BPD_Pt_0.001	Shizhong_C+T	0.001	119	0.468437265021384	0.486697918206722	1.02673835151834
BPD	Shizhong_BPD_Pt_1e-07	Shizhong_C+T	1e-07	Shizhong_BPD_Pt_0.01	Shizhong_C+T	0.01	119	0.462232139881503	0.446752599344823	1.03271370908925
BPD	Shizhong_BPD_Pt_1e-07	Shizhong_C+T	1e-07	Shizhong_BPD_Pt_0.05	Shizhong_C+T	0.05	119	0.463418567239988	0.470680814698761	1.03157388983025
BPD	Shizhong_BPD_Pt_1e-07	Shizhong_C+T	1e-07	Shizhong_BPD_Pt_0.1	Shizhong_C+T	0.1	119	0.456482183785257	0.450358480058126	1.03822005336816
BPD	Shizhong_BPD_Pt_1e-07	Shizhong_C+T	1e-07	Shizhong_BPD_Pt_0.2	Shizhong_C+T	0.2	119	0.431008989907431	0.428065802592223	1.06227074988721
BPD	Shizhong_BPD_Pt_1e-07	Shizhong_C+T	1e-07	Shizhong_BPD_Pt_0.3	Shizhong_C+T	0.3	119	0.420322094646573	0.433727389260789	1.07220022612504
BPD	Shizhong_BPD_Pt_1e-07	Shizhong_C+T	1e-07	Shizhong_BPD_Pt_0.4	Shizhong_C+T	0.4	119	0.407545430008884	0.421449935906566	1.08395199170375
BPD	Shizhong_BPD_Pt_1e-07	Shizhong_C+T	1e-07	Shizhong_BPD_Pt_0.5	Shizhong_C+T	0.5	119	0.417094874982856	0.433841333143427	1.07518069422962
BPD	Shizhong_BPD_Pt_1e-07	Shizhong_C+T	1e-07	Shizhong_BPD_Pt_0.6	Shizhong_C+T	0.6	119	0.430400108863997	0.451509756444951	1.06283896939186
BPD	Shizhong_BPD_Pt_1e-07	Shizhong_C+T	1e-07	Shizhong_BPD_Pt_0.7	Shizhong_C+T	0.7	119	0.430034357855222	0.450129789668819	1.06318014926904
BPD	Shizhong_BPD_Pt_1e-07	Shizhong_C+T	1e-07	Shizhong_BPD_Pt_0.8	Shizhong_C+T	0.8	119	0.432509143244374	0.453974601151911	1.0608694792731
BPD	Shizhong_BPD_Pt_1e-07	Shizhong_C+T	1e-07	Shizhong_BPD_Pt_0.9	Shizhong_C+T	0.9	119	0.431550950232688	0.450334710155249	1.06176472628936
BPD	Shizhong_BPD_Pt_1e-07	Shizhong_C+T	1e-07	Shizhong_BPD_Pt_1	Shizhong_C+T	1	119	0.431184090167034	0.448984024632657	1.06210728667505
BPD	Shizhong_BPD_Pt_1e-07	Shizhong_C+T	1e-07	PRSice_BPD_Pt_5e-08	PRSice_C+T	5e-08	119	0.85956303454038	0.832773109243698	0.527743920652303
BPD	Shizhong_BPD_Pt_1e-07	Shizhong_C+T	1e-07	PRSice_BPD_Pt_1e-06	PRSice_C+T	1e-06	119	0.813493893105011	0.768722404215924	0.60817567969426
BPD	Shizhong_BPD_Pt_1e-07	Shizhong_C+T	1e-07	PRSice_BPD_Pt_0.0001	PRSice_C+T	1e-04	119	0.666586587075984	0.587722546645777	0.813156343562664
BPD	Shizhong_BPD_Pt_1e-07	Shizhong_C+T	1e-07	PRSice_BPD_Pt_0.001	PRSice_C+T	0.001	119	0.561495131980399	0.560653753026634	0.932544854859318
BPD	Shizhong_BPD_Pt_1e-07	Shizhong_C+T	1e-07	PRSice_BPD_Pt_0.01	PRSice_C+T	0.01	119	0.512400076401894	0.474084888192565	0.983364068134017
BPD	Shizhong_BPD_Pt_1e-07	Shizhong_C+T	1e-07	PRSice_BPD_Pt_0.05	PRSice_C+T	0.05	119	0.483748416117928	0.483364193134881	1.01184320453124
BPD	Shizhong_BPD_Pt_1e-07	Shizhong_C+T	1e-07	PRSice_BPD_Pt_0.1	PRSice_C+T	0.1	119	0.480547202398822	0.482153539381855	1.0149755150165
BPD	Shizhong_BPD_Pt_1e-07	Shizhong_C+T	1e-07	PRSice_BPD_Pt_0.5	PRSice_C+T	0.5	119	0.458689853752719	0.465261358780801	1.03610937790264
BPD	Shizhong_BPD_Pt_1e-07	Shizhong_C+T	1e-07	PRSice_BPD_Pt_1	PRSice_C+T	1	119	0.465295918968015	0.477545933627688	1.02976771111418
BPD	Shizhong_BPD_Pt_1e-07	Shizhong_C+T	1e-07	GraphPred_BPD	GraphPred_bcftools	NA	119	0.625247552379528	0.598262355789774	0.862094272557668
BPD	Shizhong_BPD_Pt_1e-06	Shizhong_C+T	1e-06	Shizhong_BPD_Pt_1e-05	Shizhong_C+T	1e-05	119	0.822111277958209	0.833342828656887	0.593959356911491
BPD	Shizhong_BPD_Pt_1e-06	Shizhong_C+T	1e-06	Shizhong_BPD_Pt_1e-04	Shizhong_C+T	1e-04	119	0.685051682170611	0.699772112234725	0.790318534908317
BPD	Shizhong_BPD_Pt_1e-06	Shizhong_C+T	1e-06	Shizhong_BPD_Pt_0.001	Shizhong_C+T	0.001	119	0.553475446823081	0.573566040390527	0.941033735853678
BPD	Shizhong_BPD_Pt_1e-06	Shizhong_C+T	1e-06	Shizhong_BPD_Pt_0.01	Shizhong_C+T	0.01	119	0.48186490420537	0.493661871528272	1.01368734761699
BPD	Shizhong_BPD_Pt_1e-06	Shizhong_C+T	1e-06	Shizhong_BPD_Pt_0.05	Shizhong_C+T	0.05	119	0.535741474218825	0.561586668565731	0.959538632501843
BPD	Shizhong_BPD_Pt_1e-06	Shizhong_C+T	1e-06	Shizhong_BPD_Pt_0.1	Shizhong_C+T	0.1	119	0.552123993910244	0.563711884240438	0.942456728102713
BPD	Shizhong_BPD_Pt_1e-06	Shizhong_C+T	1e-06	Shizhong_BPD_Pt_0.2	Shizhong_C+T	0.2	119	0.522918873485713	0.528542942600769	0.97269937947706
BPD	Shizhong_BPD_Pt_1e-06	Shizhong_C+T	1e-06	Shizhong_BPD_Pt_0.3	Shizhong_C+T	0.3	119	0.507165767291067	0.519106964819826	0.988628108611647
BPD	Shizhong_BPD_Pt_1e-06	Shizhong_C+T	1e-06	Shizhong_BPD_Pt_0.4	Shizhong_C+T	0.4	119	0.498590909974923	0.511764705882353	0.997191624774456
BPD	Shizhong_BPD_Pt_1e-06	Shizhong_C+T	1e-06	Shizhong_BPD_Pt_0.5	Shizhong_C+T	0.5	119	0.501334744375721	0.513082182025353	0.994459442402054
BPD	Shizhong_BPD_Pt_1e-06	Shizhong_C+T	1e-06	Shizhong_BPD_Pt_0.6	Shizhong_C+T	0.6	119	0.510272056347285	0.52384275744196	0.985507567481532
BPD	Shizhong_BPD_Pt_1e-06	Shizhong_C+T	1e-06	Shizhong_BPD_Pt_0.7	Shizhong_C+T	0.7	119	0.50456375889843	0.519728385305906	0.991234494299319
BPD	Shizhong_BPD_Pt_1e-06	Shizhong_C+T	1e-06	Shizhong_BPD_Pt_0.8	Shizhong_C+T	0.8	119	0.504313641960304	0.520047927731788	0.991484671045932
BPD	Shizhong_BPD_Pt_1e-06	Shizhong_C+T	1e-06	Shizhong_BPD_Pt_0.9	Shizhong_C+T	0.9	119	0.505050619755599	0.518273750178037	0.990747335858091
BPD	Shizhong_BPD_Pt_1e-06	Shizhong_C+T	1e-06	Shizhong_BPD_Pt_1	Shizhong_C+T	1	119	0.504980534490039	0.518735857092521	0.990817478720174
BPD	Shizhong_BPD_Pt_1e-06	Shizhong_C+T	1e-06	PRSice_BPD_Pt_5e-08	PRSice_C+T	5e-08	119	0.733328971464624	0.695912263210369	0.727227743588587
BPD	Shizhong_BPD_Pt_1e-06	Shizhong_C+T	1e-06	PRSice_BPD_Pt_1e-06	PRSice_C+T	1e-06	119	0.900233551389385	0.911871528272326	0.444810240648478
BPD	Shizhong_BPD_Pt_1e-06	Shizhong_C+T	1e-06	PRSice_BPD_Pt_0.0001	PRSice_C+T	1e-04	119	0.735645304983103	0.708310781939895	0.724062465525655
BPD	Shizhong_BPD_Pt_1e-06	Shizhong_C+T	1e-06	PRSice_BPD_Pt_0.001	PRSice_C+T	0.001	119	0.638698755342028	0.65440820395955	0.846481068595015
BPD	Shizhong_BPD_Pt_1e-06	Shizhong_C+T	1e-06	PRSice_BPD_Pt_0.01	PRSice_C+T	0.01	119	0.557661014258739	0.542679105540521	0.936612888452109
BPD	Shizhong_BPD_Pt_1e-06	Shizhong_C+T	1e-06	PRSice_BPD_Pt_0.05	PRSice_C+T	0.05	119	0.559511116185073	0.588819256516166	0.934652124114613
BPD	Shizhong_BPD_Pt_1e-06	Shizhong_C+T	1e-06	PRSice_BPD_Pt_0.1	PRSice_C+T	0.1	119	0.556982645436456	0.584396809571286	0.937330805693748
BPD	Shizhong_BPD_Pt_1e-06	Shizhong_C+T	1e-06	PRSice_BPD_Pt_0.5	PRSice_C+T	0.5	119	0.52491981091491	0.537971798889047	0.970657425241858
BPD	Shizhong_BPD_Pt_1e-06	Shizhong_C+T	1e-06	PRSice_BPD_Pt_1	PRSice_C+T	1	119	0.528298453305552	0.541290414470873	0.96719973960997
BPD	Shizhong_BPD_Pt_1e-06	Shizhong_C+T	1e-06	GraphPred_BPD	GraphPred_bcftools	NA	119	0.6557479694119	0.645826805298391	0.826267700423388
BPD	Shizhong_BPD_Pt_1e-05	Shizhong_C+T	1e-05	Shizhong_BPD_Pt_1e-04	Shizhong_C+T	1e-04	119	0.794944844528897	0.791511180743484	0.637702129374082
BPD	Shizhong_BPD_Pt_1e-05	Shizhong_C+T	1e-05	Shizhong_BPD_Pt_0.001	Shizhong_C+T	0.001	119	0.668919880463236	0.665978254484488	0.810306033123663
BPD	Shizhong_BPD_Pt_1e-05	Shizhong_C+T	1e-05	Shizhong_BPD_Pt_0.01	Shizhong_C+T	0.01	119	0.55911365259045	0.567718273750178	0.935073708453397
BPD	Shizhong_BPD_Pt_1e-05	Shizhong_C+T	1e-05	Shizhong_BPD_Pt_0.05	Shizhong_C+T	0.05	119	0.557887352825472	0.58314342686227	0.93637323204514
BPD	Shizhong_BPD_Pt_1e-05	Shizhong_C+T	1e-05	Shizhong_BPD_Pt_0.1	Shizhong_C+T	0.1	119	0.552535279354992	0.553845003452941	0.942023898750446
BPD	Shizhong_BPD_Pt_1e-05	Shizhong_C+T	1e-05	Shizhong_BPD_Pt_0.2	Shizhong_C+T	0.2	119	0.522964640379199	0.516472012533827	0.972652722321576
BPD	Shizhong_BPD_Pt_1e-05	Shizhong_C+T	1e-05	Shizhong_BPD_Pt_0.3	Shizhong_C+T	0.3	119	0.515695591798734	0.510625267055975	0.980035329218696
BPD	Shizhong_BPD_Pt_1e-05	Shizhong_C+T	1e-05	Shizhong_BPD_Pt_0.4	Shizhong_C+T	0.4	119	0.499571749765474	0.495271328870531	0.996215810776751
BPD	Shizhong_BPD_Pt_1e-05	Shizhong_C+T	1e-05	Shizhong_BPD_Pt_0.5	Shizhong_C+T	0.5	119	0.496703380117424	0.493590656601624	0.999066801092117
BPD	Shizhong_BPD_Pt_1e-05	Shizhong_C+T	1e-05	Shizhong_BPD_Pt_0.6	Shizhong_C+T	0.6	119	0.505036748956041	0.50286996154394	0.990761218450913
BPD	Shizhong_BPD_Pt_1e-05	Shizhong_C+T	1e-05	Shizhong_BPD_Pt_0.7	Shizhong_C+T	0.7	119	0.499862261110583	0.501365551084047	0.995926604471925
BPD	Shizhong_BPD_Pt_1e-05	Shizhong_C+T	1e-05	Shizhong_BPD_Pt_0.8	Shizhong_C+T	0.8	119	0.499477365734735	0.499826413308037	0.996309752746016
BPD	Shizhong_BPD_Pt_1e-05	Shizhong_C+T	1e-05	Shizhong_BPD_Pt_0.9	Shizhong_C+T	0.9	119	0.498609521195266	0.495378151260504	0.997173117805155
BPD	Shizhong_BPD_Pt_1e-05	Shizhong_C+T	1e-05	Shizhong_BPD_Pt_1	Shizhong_C+T	1	119	0.498518866822116	0.495569517719206	0.997263261138524
BPD	Shizhong_BPD_Pt_1e-05	Shizhong_C+T	1e-05	PRSice_BPD_Pt_5e-08	PRSice_C+T	5e-08	119	0.645658378780052	0.620089730807577	0.838288685999551
BPD	Shizhong_BPD_Pt_1e-05	Shizhong_C+T	1e-05	PRSice_BPD_Pt_1e-06	PRSice_C+T	1e-06	119	0.766923971716661	0.779482979632531	0.679878527675238
BPD	Shizhong_BPD_Pt_1e-05	Shizhong_C+T	1e-05	PRSice_BPD_Pt_0.0001	PRSice_C+T	1e-04	119	0.816385045636959	0.788997293832787	0.603443405056792
BPD	Shizhong_BPD_Pt_1e-05	Shizhong_C+T	1e-05	PRSice_BPD_Pt_0.001	PRSice_C+T	0.001	119	0.75177557622777	0.745185870958553	0.70162454952023
BPD	Shizhong_BPD_Pt_1e-05	Shizhong_C+T	1e-05	PRSice_BPD_Pt_0.01	PRSice_C+T	0.01	119	0.66019987488964	0.663951004130466	0.820907621933356
BPD	Shizhong_BPD_Pt_1e-05	Shizhong_C+T	1e-05	PRSice_BPD_Pt_0.05	PRSice_C+T	0.05	119	0.616523440990106	0.64765702891326	0.872071174752811
BPD	Shizhong_BPD_Pt_1e-05	Shizhong_C+T	1e-05	PRSice_BPD_Pt_0.1	PRSice_C+T	0.1	119	0.596753800125148	0.61553909699473	0.894267942337745
BPD	Shizhong_BPD_Pt_1e-05	Shizhong_C+T	1e-05	PRSice_BPD_Pt_0.5	PRSice_C+T	0.5	119	0.544742743435271	0.555775530551204	0.95019110218218
BPD	Shizhong_BPD_Pt_1e-05	Shizhong_C+T	1e-05	PRSice_BPD_Pt_1	PRSice_C+T	1	119	0.544992777183364	0.5518444666002	0.94993013712476
BPD	Shizhong_BPD_Pt_1e-05	Shizhong_C+T	1e-05	GraphPred_BPD	GraphPred_bcftools	NA	119	0.711766258979961	0.686127332288848	0.756057681321418
BPD	Shizhong_BPD_Pt_1e-04	Shizhong_C+T	1e-04	Shizhong_BPD_Pt_0.001	Shizhong_C+T	0.001	119	0.779017033521497	0.765355300804697	0.66200599205777
BPD	Shizhong_BPD_Pt_1e-04	Shizhong_C+T	1e-04	Shizhong_BPD_Pt_0.01	Shizhong_C+T	0.01	119	0.568518336319034	0.591169349095571	0.925046774328209
BPD	Shizhong_BPD_Pt_1e-04	Shizhong_C+T	1e-04	Shizhong_BPD_Pt_0.05	Shizhong_C+T	0.05	119	0.535483389671142	0.571471300384561	0.959805302550183
BPD	Shizhong_BPD_Pt_1e-04	Shizhong_C+T	1e-04	Shizhong_BPD_Pt_0.1	Shizhong_C+T	0.1	119	0.520952896622154	0.534260794022686	0.974701490167228
BPD	Shizhong_BPD_Pt_1e-04	Shizhong_C+T	1e-04	Shizhong_BPD_Pt_0.2	Shizhong_C+T	0.2	119	0.478007844346887	0.495499216635807	1.01745335711289
BPD	Shizhong_BPD_Pt_1e-04	Shizhong_C+T	1e-04	Shizhong_BPD_Pt_0.3	Shizhong_C+T	0.3	119	0.489062771901306	0.495755590371742	1.00662171439583
BPD	Shizhong_BPD_Pt_1e-04	Shizhong_C+T	1e-04	Shizhong_BPD_Pt_0.4	Shizhong_C+T	0.4	119	0.490451603435187	0.494345534824099	1.00525268193221
BPD	Shizhong_BPD_Pt_1e-04	Shizhong_C+T	1e-04	Shizhong_BPD_Pt_0.5	Shizhong_C+T	0.5	119	0.48587790239378	0.493619142572283	1.00975417191
BPD	Shizhong_BPD_Pt_1e-04	Shizhong_C+T	1e-04	Shizhong_BPD_Pt_0.6	Shizhong_C+T	0.6	119	0.49318046890224	0.498440393106395	1.0025572736173
BPD	Shizhong_BPD_Pt_1e-04	Shizhong_C+T	1e-04	Shizhong_BPD_Pt_0.7	Shizhong_C+T	0.7	119	0.49109871995337	0.500503847403285	1.00461415349546
BPD	Shizhong_BPD_Pt_1e-04	Shizhong_C+T	1e-04	Shizhong_BPD_Pt_0.8	Shizhong_C+T	0.8	119	0.489824048090887	0.499395562234737	1.00587152165267
BPD	Shizhong_BPD_Pt_1e-04	Shizhong_C+T	1e-04	Shizhong_BPD_Pt_0.9	Shizhong_C+T	0.9	119	0.489318972944087	0.495513459621137	1.00636930582541
BPD	Shizhong_BPD_Pt_1e-04	Shizhong_C+T	1e-04	Shizhong_BPD_Pt_1	Shizhong_C+T	1	119	0.4893398679328	0.495505423942889	1.00634871734721
BPD	Shizhong_BPD_Pt_1e-04	Shizhong_C+T	1e-04	PRSice_BPD_Pt_5e-08	PRSice_C+T	5e-08	119	0.486950001641821	0.473992308787922	1.00870080185768
BPD	Shizhong_BPD_Pt_1e-04	Shizhong_C+T	1e-04	PRSice_BPD_Pt_1e-06	PRSice_C+T	1e-06	119	0.603416088424163	0.6077624270047	0.886849788479916
BPD	Shizhong_BPD_Pt_1e-04	Shizhong_C+T	1e-04	PRSice_BPD_Pt_0.0001	PRSice_C+T	1e-04	119	0.883257485455323	0.887480415895172	0.481168338548347
BPD	Shizhong_BPD_Pt_1e-04	Shizhong_C+T	1e-04	PRSice_BPD_Pt_0.001	PRSice_C+T	0.001	119	0.771024993845596	0.762035322603618	0.673870679639381
BPD	Shizhong_BPD_Pt_1e-04	Shizhong_C+T	1e-04	PRSice_BPD_Pt_0.01	PRSice_C+T	0.01	119	0.603200182703256	0.612811565304088	0.887091162226919
BPD	Shizhong_BPD_Pt_1e-04	Shizhong_C+T	1e-04	PRSice_BPD_Pt_0.05	PRSice_C+T	0.05	119	0.598562646373795	0.632979632530979	0.892259973871393
BPD	Shizhong_BPD_Pt_1e-04	Shizhong_C+T	1e-04	PRSice_BPD_Pt_0.1	PRSice_C+T	0.1	119	0.564340958559044	0.592244694487965	0.929513895638696
BPD	Shizhong_BPD_Pt_1e-04	Shizhong_C+T	1e-04	PRSice_BPD_Pt_0.5	PRSice_C+T	0.5	119	0.524675229458301	0.543612021079618	0.970907250708148
BPD	Shizhong_BPD_Pt_1e-04	Shizhong_C+T	1e-04	PRSice_BPD_Pt_1	PRSice_C+T	1	119	0.52516582661515	0.535742771684945	0.970406069897713
BPD	Shizhong_BPD_Pt_1e-04	Shizhong_C+T	1e-04	GraphPred_BPD	GraphPred_bcftools	NA	119	0.621675152999388	0.626313915396667	0.866193565671841
BPD	Shizhong_BPD_Pt_0.001	Shizhong_C+T	0.001	Shizhong_BPD_Pt_0.01	Shizhong_C+T	0.01	119	0.754771837766383	0.761912052970964	0.697377116594044
BPD	Shizhong_BPD_Pt_0.001	Shizhong_C+T	0.001	Shizhong_BPD_Pt_0.05	Shizhong_C+T	0.05	119	0.65701641311027	0.683272830211933	0.824744047415742
BPD	Shizhong_BPD_Pt_0.001	Shizhong_C+T	0.001	Shizhong_BPD_Pt_0.1	Shizhong_C+T	0.1	119	0.624055131561946	0.646312108764308	0.863464727551675
BPD	Shizhong_BPD_Pt_0.001	Shizhong_C+T	0.001	Shizhong_BPD_Pt_0.2	Shizhong_C+T	0.2	119	0.587403525785716	0.613720648271604	0.904576450005172
BPD	Shizhong_BPD_Pt_0.001	Shizhong_C+T	0.001	Shizhong_BPD_Pt_0.3	Shizhong_C+T	0.3	119	0.576424964866349	0.59777203705414	0.916532139160322
BPD	Shizhong_BPD_Pt_0.001	Shizhong_C+T	0.001	Shizhong_BPD_Pt_0.4	Shizhong_C+T	0.4	119	0.58104795123313	0.596148333835751	0.911516805456759
BPD	Shizhong_BPD_Pt_0.001	Shizhong_C+T	0.001	Shizhong_BPD_Pt_0.5	Shizhong_C+T	0.5	119	0.578777415781703	0.596386904264769	0.913983477571264
BPD	Shizhong_BPD_Pt_0.001	Shizhong_C+T	0.001	Shizhong_BPD_Pt_0.6	Shizhong_C+T	0.6	119	0.58635906547487	0.602062744023786	0.905720663654554
BPD	Shizhong_BPD_Pt_0.001	Shizhong_C+T	0.001	Shizhong_BPD_Pt_0.7	Shizhong_C+T	0.7	119	0.585573563458082	0.602132542369611	0.906580235219065
BPD	Shizhong_BPD_Pt_0.001	Shizhong_C+T	0.001	Shizhong_BPD_Pt_0.8	Shizhong_C+T	0.8	119	0.585322015611165	0.603776541007481	0.906855330738471
BPD	Shizhong_BPD_Pt_0.001	Shizhong_C+T	0.001	Shizhong_BPD_Pt_0.9	Shizhong_C+T	0.9	119	0.586467411797341	0.601457416069562	0.905602036698515
BPD	Shizhong_BPD_Pt_0.001	Shizhong_C+T	0.001	Shizhong_BPD_Pt_1	Shizhong_C+T	1	119	0.58643287064372	0.602158539802563	0.90563985703819
BPD	Shizhong_BPD_Pt_0.001	Shizhong_C+T	0.001	PRSice_BPD_Pt_5e-08	PRSice_C+T	5e-08	119	0.43575528227744	0.472593776873304	1.05783095575124
BPD	Shizhong_BPD_Pt_0.001	Shizhong_C+T	0.001	PRSice_BPD_Pt_1e-06	PRSice_C+T	1e-06	119	0.519766891620143	0.5470170684688	0.975907307115313
BPD	Shizhong_BPD_Pt_0.001	Shizhong_C+T	0.001	PRSice_BPD_Pt_0.0001	PRSice_C+T	1e-04	119	0.754470508564973	0.77169700131336	0.697805443369078
BPD	Shizhong_BPD_Pt_0.001	Shizhong_C+T	0.001	PRSice_BPD_Pt_0.001	PRSice_C+T	0.001	119	0.916816504841837	0.917751954409577	0.406163696532439
BPD	Shizhong_BPD_Pt_0.001	Shizhong_C+T	0.001	PRSice_BPD_Pt_0.01	PRSice_C+T	0.01	119	0.766034482954023	0.7751900996845	0.681174603554886
BPD	Shizhong_BPD_Pt_0.001	Shizhong_C+T	0.001	PRSice_BPD_Pt_0.05	PRSice_C+T	0.05	119	0.725549047719735	0.751354421298765	0.737759638035183
BPD	Shizhong_BPD_Pt_0.001	Shizhong_C+T	0.001	PRSice_BPD_Pt_0.1	PRSice_C+T	0.1	119	0.701110142066187	0.721063098318865	0.769906719616575
BPD	Shizhong_BPD_Pt_0.001	Shizhong_C+T	0.001	PRSice_BPD_Pt_0.5	PRSice_C+T	0.5	119	0.645196417311844	0.664123102342426	0.83883495394087
BPD	Shizhong_BPD_Pt_0.001	Shizhong_C+T	0.001	PRSice_BPD_Pt_1	PRSice_C+T	1	119	0.649540427735844	0.659689965265903	0.833684033482431
BPD	Shizhong_BPD_Pt_0.001	Shizhong_C+T	0.001	GraphPred_BPD	GraphPred_bcftools	NA	119	0.677964293261719	0.699289095730164	0.799161465948797
BPD	Shizhong_BPD_Pt_0.01	Shizhong_C+T	0.01	Shizhong_BPD_Pt_0.05	Shizhong_C+T	0.05	119	0.837722975672564	0.839794901011252	0.567297720520885
BPD	Shizhong_BPD_Pt_0.01	Shizhong_C+T	0.01	Shizhong_BPD_Pt_0.1	Shizhong_C+T	0.1	119	0.799860491641035	0.802272480458391	0.630012164566536
BPD	Shizhong_BPD_Pt_0.01	Shizhong_C+T	0.01	Shizhong_BPD_Pt_0.2	Shizhong_C+T	0.2	119	0.752286935616488	0.768523002421308	0.700901479515823
BPD	Shizhong_BPD_Pt_0.01	Shizhong_C+T	0.01	Shizhong_BPD_Pt_0.3	Shizhong_C+T	0.3	119	0.724555452705068	0.736632958268053	0.739093887450884
BPD	Shizhong_BPD_Pt_0.01	Shizhong_C+T	0.01	Shizhong_BPD_Pt_0.4	Shizhong_C+T	0.4	119	0.728061456932439	0.743733086454921	0.734375033925661
BPD	Shizhong_BPD_Pt_0.01	Shizhong_C+T	0.01	Shizhong_BPD_Pt_0.5	Shizhong_C+T	0.5	119	0.727780771133339	0.74769975786925	0.734753934758519
BPD	Shizhong_BPD_Pt_0.01	Shizhong_C+T	0.01	Shizhong_BPD_Pt_0.6	Shizhong_C+T	0.6	119	0.725790570608338	0.747649907420596	0.737434944211901
BPD	Shizhong_BPD_Pt_0.01	Shizhong_C+T	0.01	Shizhong_BPD_Pt_0.7	Shizhong_C+T	0.7	119	0.723475359085304	0.744319699191797	0.740541564581518
BPD	Shizhong_BPD_Pt_0.01	Shizhong_C+T	0.01	Shizhong_BPD_Pt_0.8	Shizhong_C+T	0.8	119	0.723059284997331	0.744621037996192	0.741098484823018
BPD	Shizhong_BPD_Pt_0.01	Shizhong_C+T	0.01	Shizhong_BPD_Pt_0.9	Shizhong_C+T	0.9	119	0.723239490112974	0.743932488249537	0.74085732947248
BPD	Shizhong_BPD_Pt_0.01	Shizhong_C+T	0.01	Shizhong_BPD_Pt_1	Shizhong_C+T	1	119	0.722661557804563	0.742551323992168	0.741630456563021
BPD	Shizhong_BPD_Pt_0.01	Shizhong_C+T	0.01	PRSice_BPD_Pt_5e-08	PRSice_C+T	5e-08	119	0.463141886509557	0.41712006836633	1.03183981389752
BPD	Shizhong_BPD_Pt_0.01	Shizhong_C+T	0.01	PRSice_BPD_Pt_1e-06	PRSice_C+T	1e-06	119	0.499942940909452	0.487145705739923	0.995846272202817
BPD	Shizhong_BPD_Pt_0.01	Shizhong_C+T	0.01	PRSice_BPD_Pt_0.0001	PRSice_C+T	1e-04	119	0.608934014327769	0.591247685514884	0.880658522794244
BPD	Shizhong_BPD_Pt_0.01	Shizhong_C+T	0.01	PRSice_BPD_Pt_0.001	PRSice_C+T	0.001	119	0.722371707009557	0.733848454636092	0.74201790022206
BPD	Shizhong_BPD_Pt_0.01	Shizhong_C+T	0.01	PRSice_BPD_Pt_0.01	PRSice_C+T	0.01	119	0.89992000745714	0.901082466885059	0.4455086625469
BPD	Shizhong_BPD_Pt_0.01	Shizhong_C+T	0.01	PRSice_BPD_Pt_0.05	PRSice_C+T	0.05	119	0.834015666013499	0.851516877937616	0.57374124420418
BPD	Shizhong_BPD_Pt_0.01	Shizhong_C+T	0.01	PRSice_BPD_Pt_0.1	PRSice_C+T	0.1	119	0.826504770458076	0.836120210796183	0.586578701346255
BPD	Shizhong_BPD_Pt_0.01	Shizhong_C+T	0.01	PRSice_BPD_Pt_0.5	PRSice_C+T	0.5	119	0.772775759536622	0.789823386981912	0.671289495023609
BPD	Shizhong_BPD_Pt_0.01	Shizhong_C+T	0.01	PRSice_BPD_Pt_1	PRSice_C+T	1	119	0.77448788886439	0.786155818259507	0.668755637551069
BPD	Shizhong_BPD_Pt_0.01	Shizhong_C+T	0.01	GraphPred_BPD	GraphPred_bcftools	NA	119	0.760301515898396	0.772297393533685	0.689469667390756
BPD	Shizhong_BPD_Pt_0.05	Shizhong_C+T	0.05	Shizhong_BPD_Pt_0.1	Shizhong_C+T	0.1	119	0.947756344378033	0.949203901900211	0.321883933447496
BPD	Shizhong_BPD_Pt_0.05	Shizhong_C+T	0.05	Shizhong_BPD_Pt_0.2	Shizhong_C+T	0.2	119	0.907234761097136	0.915510611024071	0.42891887130354
BPD	Shizhong_BPD_Pt_0.05	Shizhong_C+T	0.05	Shizhong_BPD_Pt_0.3	Shizhong_C+T	0.3	119	0.891449291544145	0.897991739068509	0.463979563404457
BPD	Shizhong_BPD_Pt_0.05	Shizhong_C+T	0.05	Shizhong_BPD_Pt_0.4	Shizhong_C+T	0.4	119	0.879429000620212	0.888534396809571	0.488994473801754
BPD	Shizhong_BPD_Pt_0.05	Shizhong_C+T	0.05	Shizhong_BPD_Pt_0.5	Shizhong_C+T	0.5	119	0.877524875712448	0.889232303090728	0.49284058591485
BPD	Shizhong_BPD_Pt_0.05	Shizhong_C+T	0.05	Shizhong_BPD_Pt_0.6	Shizhong_C+T	0.6	119	0.875543966070357	0.88706736932061	0.496810194953816
BPD	Shizhong_BPD_Pt_0.05	Shizhong_C+T	0.05	Shizhong_BPD_Pt_0.7	Shizhong_C+T	0.7	119	0.871260303993453	0.884061686594718	0.505287739454695
BPD	Shizhong_BPD_Pt_0.05	Shizhong_C+T	0.05	Shizhong_BPD_Pt_0.8	Shizhong_C+T	0.8	119	0.871798322833133	0.887243425516692	0.504230804589839
BPD	Shizhong_BPD_Pt_0.05	Shizhong_C+T	0.05	Shizhong_BPD_Pt_0.9	Shizhong_C+T	0.9	119	0.871978314980899	0.886056117362199	0.503876716151777
BPD	Shizhong_BPD_Pt_0.05	Shizhong_C+T	0.05	Shizhong_BPD_Pt_1	Shizhong_C+T	1	119	0.872071788209397	0.88497837726503	0.503692733322143
BPD	Shizhong_BPD_Pt_0.05	Shizhong_C+T	0.05	PRSice_BPD_Pt_5e-08	PRSice_C+T	5e-08	119	0.463207108322727	0.460888762284575	1.03177713392121
BPD	Shizhong_BPD_Pt_0.05	Shizhong_C+T	0.05	PRSice_BPD_Pt_1e-06	PRSice_C+T	1e-06	119	0.517199027830238	0.532196268337844	0.978512975021922
BPD	Shizhong_BPD_Pt_0.05	Shizhong_C+T	0.05	PRSice_BPD_Pt_0.0001	PRSice_C+T	1e-04	119	0.591354127970663	0.61142287423444	0.900235383779954
BPD	Shizhong_BPD_Pt_0.05	Shizhong_C+T	0.05	PRSice_BPD_Pt_0.001	PRSice_C+T	0.001	119	0.64806311672818	0.678215353938186	0.835439322118868
BPD	Shizhong_BPD_Pt_0.05	Shizhong_C+T	0.05	PRSice_BPD_Pt_0.01	PRSice_C+T	0.01	119	0.788371967503903	0.781462754593363	0.647842026528688
BPD	Shizhong_BPD_Pt_0.05	Shizhong_C+T	0.05	PRSice_BPD_Pt_0.05	PRSice_C+T	0.05	119	0.921259011554099	0.930423016664293	0.39516907638975
BPD	Shizhong_BPD_Pt_0.05	Shizhong_C+T	0.05	PRSice_BPD_Pt_0.1	PRSice_C+T	0.1	119	0.911821592870495	0.930885913687509	0.418180372833567
BPD	Shizhong_BPD_Pt_0.05	Shizhong_C+T	0.05	PRSice_BPD_Pt_0.5	PRSice_C+T	0.5	119	0.885878302944165	0.891774675972084	0.475736673377663
BPD	Shizhong_BPD_Pt_0.05	Shizhong_C+T	0.05	PRSice_BPD_Pt_1	PRSice_C+T	1	119	0.887380204492375	0.892294544936619	0.472595832972374
BPD	Shizhong_BPD_Pt_0.05	Shizhong_C+T	0.05	GraphPred_BPD	GraphPred_bcftools	NA	119	0.818273971058384	0.831213502350093	0.600331440880305
BPD	Shizhong_BPD_Pt_0.1	Shizhong_C+T	0.1	Shizhong_BPD_Pt_0.2	Shizhong_C+T	0.2	119	0.963658461454315	0.962727688703139	0.268462837150581
BPD	Shizhong_BPD_Pt_0.1	Shizhong_C+T	0.1	Shizhong_BPD_Pt_0.3	Shizhong_C+T	0.3	119	0.943918841623006	0.938646232634628	0.33349629124934
BPD	Shizhong_BPD_Pt_0.1	Shizhong_C+T	0.1	Shizhong_BPD_Pt_0.4	Shizhong_C+T	0.4	119	0.930959046828882	0.928113488726503	0.370029126134822
BPD	Shizhong_BPD_Pt_0.1	Shizhong_C+T	0.1	Shizhong_BPD_Pt_0.5	Shizhong_C+T	0.5	119	0.930252871108019	0.930324724009446	0.371916707248162
BPD	Shizhong_BPD_Pt_0.1	Shizhong_C+T	0.1	Shizhong_BPD_Pt_0.6	Shizhong_C+T	0.6	119	0.927169093724477	0.927077306009375	0.38004968583868
BPD	Shizhong_BPD_Pt_0.1	Shizhong_C+T	0.1	Shizhong_BPD_Pt_0.7	Shizhong_C+T	0.7	119	0.925934004196394	0.926108514711932	0.383258639765694
BPD	Shizhong_BPD_Pt_0.1	Shizhong_C+T	0.1	Shizhong_BPD_Pt_0.8	Shizhong_C+T	0.8	119	0.926222442216444	0.927588146909077	0.382511642453882
BPD	Shizhong_BPD_Pt_0.1	Shizhong_C+T	0.1	Shizhong_BPD_Pt_0.9	Shizhong_C+T	0.9	119	0.925610181849361	0.92739421412561	0.384095544437488
BPD	Shizhong_BPD_Pt_0.1	Shizhong_C+T	0.1	Shizhong_BPD_Pt_1	Shizhong_C+T	1	119	0.925797032433475	0.926991457678297	0.383612860100457
BPD	Shizhong_BPD_Pt_0.1	Shizhong_C+T	0.1	PRSice_BPD_Pt_5e-08	PRSice_C+T	5e-08	119	0.453026933384882	0.436325503810011	1.04151491039795
BPD	Shizhong_BPD_Pt_0.1	Shizhong_C+T	0.1	PRSice_BPD_Pt_1e-06	PRSice_C+T	1e-06	119	0.522981594229689	0.529592630647584	0.97263543811505
BPD	Shizhong_BPD_Pt_0.1	Shizhong_C+T	0.1	PRSice_BPD_Pt_0.0001	PRSice_C+T	1e-04	119	0.561824200328984	0.557434254926703	0.932194883159041
BPD	Shizhong_BPD_Pt_0.1	Shizhong_C+T	0.1	PRSice_BPD_Pt_0.001	PRSice_C+T	0.001	119	0.629400927078059	0.649255711031788	0.857303674316432
BPD	Shizhong_BPD_Pt_0.1	Shizhong_C+T	0.1	PRSice_BPD_Pt_0.01	PRSice_C+T	0.01	119	0.757670374121682	0.752656776058179	0.693243452861368
BPD	Shizhong_BPD_Pt_0.1	Shizhong_C+T	0.1	PRSice_BPD_Pt_0.05	PRSice_C+T	0.05	119	0.871248810278811	0.88453328159616	0.505310294671348
BPD	Shizhong_BPD_Pt_0.1	Shizhong_C+T	0.1	PRSice_BPD_Pt_0.1	PRSice_C+T	0.1	119	0.929630482688078	0.943787977801408	0.373572420904727
BPD	Shizhong_BPD_Pt_0.1	Shizhong_C+T	0.1	PRSice_BPD_Pt_0.5	PRSice_C+T	0.5	119	0.907801199098814	0.910687103098927	0.427607345731293
BPD	Shizhong_BPD_Pt_0.1	Shizhong_C+T	0.1	PRSice_BPD_Pt_1	PRSice_C+T	1	119	0.910568602324831	0.912107848473958	0.421141005661897
BPD	Shizhong_BPD_Pt_0.1	Shizhong_C+T	0.1	GraphPred_BPD	GraphPred_bcftools	NA	119	0.819798180718675	0.822205644893039	0.597808528341576
BPD	Shizhong_BPD_Pt_0.2	Shizhong_C+T	0.2	Shizhong_BPD_Pt_0.3	Shizhong_C+T	0.3	119	0.978613559046845	0.974953710297679	0.205945249821171
BPD	Shizhong_BPD_Pt_0.2	Shizhong_C+T	0.2	Shizhong_BPD_Pt_0.4	Shizhong_C+T	0.4	119	0.966489692530534	0.963082182025353	0.257793360065901
BPD	Shizhong_BPD_Pt_0.2	Shizhong_C+T	0.2	Shizhong_BPD_Pt_0.5	Shizhong_C+T	0.5	119	0.962867898982016	0.960497080188008	0.271367155549998
BPD	Shizhong_BPD_Pt_0.2	Shizhong_C+T	0.2	Shizhong_BPD_Pt_0.6	Shizhong_C+T	0.6	119	0.960359943500274	0.95801167924797	0.280381692630746
BPD	Shizhong_BPD_Pt_0.2	Shizhong_C+T	0.2	Shizhong_BPD_Pt_0.7	Shizhong_C+T	0.7	119	0.958487219861383	0.955608017411048	0.286928329889874
BPD	Shizhong_BPD_Pt_0.2	Shizhong_C+T	0.2	Shizhong_BPD_Pt_0.8	Shizhong_C+T	0.8	119	0.958955836224181	0.956240130040203	0.285304240545164
BPD	Shizhong_BPD_Pt_0.2	Shizhong_C+T	0.2	Shizhong_BPD_Pt_0.9	Shizhong_C+T	0.9	119	0.95943593617955	0.956402221905712	0.283630708261867
BPD	Shizhong_BPD_Pt_0.2	Shizhong_C+T	0.2	Shizhong_BPD_Pt_1	Shizhong_C+T	1	119	0.959386168028459	0.956410890970544	0.283804648538033
BPD	Shizhong_BPD_Pt_0.2	Shizhong_C+T	0.2	PRSice_BPD_Pt_5e-08	PRSice_C+T	5e-08	119	0.42189587943602	0.400170915823957	1.07074376275943
BPD	Shizhong_BPD_Pt_0.2	Shizhong_C+T	0.2	PRSice_BPD_Pt_1e-06	PRSice_C+T	1e-06	119	0.489036844646399	0.490272041019798	1.00664725433035
BPD	Shizhong_BPD_Pt_0.2	Shizhong_C+T	0.2	PRSice_BPD_Pt_0.0001	PRSice_C+T	1e-04	119	0.525846741129123	0.520588235294118	0.969710036767584
BPD	Shizhong_BPD_Pt_0.2	Shizhong_C+T	0.2	PRSice_BPD_Pt_0.001	PRSice_C+T	0.001	119	0.594752762411286	0.615482125053411	0.896484019508859
BPD	Shizhong_BPD_Pt_0.2	Shizhong_C+T	0.2	PRSice_BPD_Pt_0.01	PRSice_C+T	0.01	119	0.721460732954768	0.722724683093577	0.743234284644631
BPD	Shizhong_BPD_Pt_0.2	Shizhong_C+T	0.2	PRSice_BPD_Pt_0.05	PRSice_C+T	0.05	119	0.835068446144712	0.855654465175901	0.571918830623937
BPD	Shizhong_BPD_Pt_0.2	Shizhong_C+T	0.2	PRSice_BPD_Pt_0.1	PRSice_C+T	0.1	119	0.892007551126544	0.910340407349381	0.462784937747742
BPD	Shizhong_BPD_Pt_0.2	Shizhong_C+T	0.2	PRSice_BPD_Pt_0.5	PRSice_C+T	0.5	119	0.914916096058767	0.921656459193847	0.410777100510267
BPD	Shizhong_BPD_Pt_0.2	Shizhong_C+T	0.2	PRSice_BPD_Pt_1	PRSice_C+T	1	119	0.917110591939717	0.922461187864977	0.405445084845575
BPD	Shizhong_BPD_Pt_0.2	Shizhong_C+T	0.2	GraphPred_BPD	GraphPred_bcftools	NA	119	0.804854558779338	0.808930351801738	0.622102183830512
BPD	Shizhong_BPD_Pt_0.3	Shizhong_C+T	0.3	Shizhong_BPD_Pt_0.4	Shizhong_C+T	0.4	119	0.989125479870696	0.987159948725253	0.146854605696987
BPD	Shizhong_BPD_Pt_0.3	Shizhong_C+T	0.3	Shizhong_BPD_Pt_0.5	Shizhong_C+T	0.5	119	0.984272078423862	0.982687651331719	0.176611178400093
BPD	Shizhong_BPD_Pt_0.3	Shizhong_C+T	0.3	Shizhong_BPD_Pt_0.6	Shizhong_C+T	0.6	119	0.982343433315789	0.980394530693634	0.187126653228551
BPD	Shizhong_BPD_Pt_0.3	Shizhong_C+T	0.3	Shizhong_BPD_Pt_0.7	Shizhong_C+T	0.7	119	0.980571377092085	0.978795680093373	0.196292420481244
BPD	Shizhong_BPD_Pt_0.3	Shizhong_C+T	0.3	Shizhong_BPD_Pt_0.8	Shizhong_C+T	0.8	119	0.980963432014477	0.97895773208696	0.194301810727441
BPD	Shizhong_BPD_Pt_0.3	Shizhong_C+T	0.3	Shizhong_BPD_Pt_0.9	Shizhong_C+T	0.9	119	0.980964639222414	0.978336419313488	0.194295649784796
BPD	Shizhong_BPD_Pt_0.3	Shizhong_C+T	0.3	Shizhong_BPD_Pt_1	Shizhong_C+T	1	119	0.980995634608583	0.978309597878919	0.19413739898283
BPD	Shizhong_BPD_Pt_0.3	Shizhong_C+T	0.3	PRSice_BPD_Pt_5e-08	PRSice_C+T	5e-08	119	0.405331473964544	0.401766130180886	1.0859754247044
BPD	Shizhong_BPD_Pt_0.3	Shizhong_C+T	0.3	PRSice_BPD_Pt_1e-06	PRSice_C+T	1e-06	119	0.470091935511074	0.474918102834354	1.02513906914491
BPD	Shizhong_BPD_Pt_0.3	Shizhong_C+T	0.3	PRSice_BPD_Pt_0.0001	PRSice_C+T	1e-04	119	0.518540100866115	0.510475715710013	0.977153025506812
BPD	Shizhong_BPD_Pt_0.3	Shizhong_C+T	0.3	PRSice_BPD_Pt_0.001	PRSice_C+T	0.001	119	0.58218899626143	0.600925794046432	0.910274669427234
BPD	Shizhong_BPD_Pt_0.3	Shizhong_C+T	0.3	PRSice_BPD_Pt_0.01	PRSice_C+T	0.01	119	0.693590342934738	0.698824953710298	0.779531636301551
BPD	Shizhong_BPD_Pt_0.3	Shizhong_C+T	0.3	PRSice_BPD_Pt_0.05	PRSice_C+T	0.05	119	0.820561795691412	0.841909984332716	0.596540560630655
BPD	Shizhong_BPD_Pt_0.3	Shizhong_C+T	0.3	PRSice_BPD_Pt_0.1	PRSice_C+T	0.1	119	0.870815640905227	0.887779518587096	0.506159611674493
BPD	Shizhong_BPD_Pt_0.3	Shizhong_C+T	0.3	PRSice_BPD_Pt_0.5	PRSice_C+T	0.5	119	0.911661350325546	0.923963822817263	0.418560170299447
BPD	Shizhong_BPD_Pt_0.3	Shizhong_C+T	0.3	PRSice_BPD_Pt_1	PRSice_C+T	1	119	0.914764349232488	0.926256943455348	0.411143247043352
BPD	Shizhong_BPD_Pt_0.3	Shizhong_C+T	0.3	GraphPred_BPD	GraphPred_bcftools	NA	119	0.788052784230503	0.796603047998861	0.648330389121808
BPD	Shizhong_BPD_Pt_0.4	Shizhong_C+T	0.4	Shizhong_BPD_Pt_0.5	Shizhong_C+T	0.5	119	0.995873052967061	0.994993590656602	0.0904684122306903
BPD	Shizhong_BPD_Pt_0.4	Shizhong_C+T	0.4	Shizhong_BPD_Pt_0.6	Shizhong_C+T	0.6	119	0.993950631209749	0.99352656316764	0.109531125789891
BPD	Shizhong_BPD_Pt_0.4	Shizhong_C+T	0.4	Shizhong_BPD_Pt_0.7	Shizhong_C+T	0.7	119	0.992923832149428	0.992736051623056	0.118462688262495
BPD	Shizhong_BPD_Pt_0.4	Shizhong_C+T	0.4	Shizhong_BPD_Pt_0.8	Shizhong_C+T	0.8	119	0.993053844561038	0.992983536861595	0.117369368958458
BPD	Shizhong_BPD_Pt_0.4	Shizhong_C+T	0.4	Shizhong_BPD_Pt_0.9	Shizhong_C+T	0.9	119	0.992866881354447	0.992835778379148	0.11893844182653
BPD	Shizhong_BPD_Pt_0.4	Shizhong_C+T	0.4	Shizhong_BPD_Pt_1	Shizhong_C+T	1	119	0.992846969056633	0.992844642041519	0.119104336106135
BPD	Shizhong_BPD_Pt_0.4	Shizhong_C+T	0.4	PRSice_BPD_Pt_5e-08	PRSice_C+T	5e-08	119	0.400409148139284	0.40156672838627	1.09046070380702
BPD	Shizhong_BPD_Pt_0.4	Shizhong_C+T	0.4	PRSice_BPD_Pt_1e-06	PRSice_C+T	1e-06	119	0.46167661506284	0.473273038028771	1.03324697823252
BPD	Shizhong_BPD_Pt_0.4	Shizhong_C+T	0.4	PRSice_BPD_Pt_0.0001	PRSice_C+T	1e-04	119	0.525008261790354	0.523714570573992	0.970567062080514
BPD	Shizhong_BPD_Pt_0.4	Shizhong_C+T	0.4	PRSice_BPD_Pt_0.001	PRSice_C+T	0.001	119	0.582840584381173	0.596859421734796	0.909564592880688
BPD	Shizhong_BPD_Pt_0.4	Shizhong_C+T	0.4	PRSice_BPD_Pt_0.01	PRSice_C+T	0.01	119	0.694854254137328	0.703332858567156	0.777922227343376
BPD	Shizhong_BPD_Pt_0.4	Shizhong_C+T	0.4	PRSice_BPD_Pt_0.05	PRSice_C+T	0.05	119	0.810266669308412	0.831925651616579	0.61341492149227
BPD	Shizhong_BPD_Pt_0.4	Shizhong_C+T	0.4	PRSice_BPD_Pt_0.1	PRSice_C+T	0.1	119	0.856453490490577	0.876178607036035	0.533554563883148
BPD	Shizhong_BPD_Pt_0.4	Shizhong_C+T	0.4	PRSice_BPD_Pt_0.5	PRSice_C+T	0.5	119	0.910434879578104	0.919427431989745	0.421455744654462
BPD	Shizhong_BPD_Pt_0.4	Shizhong_C+T	0.4	PRSice_BPD_Pt_1	PRSice_C+T	1	119	0.914810599111585	0.922112234724398	0.411031686296872
BPD	Shizhong_BPD_Pt_0.4	Shizhong_C+T	0.4	GraphPred_BPD	GraphPred_bcftools	NA	119	0.778578193181402	0.785942173479562	0.662662990314595
BPD	Shizhong_BPD_Pt_0.5	Shizhong_C+T	0.5	Shizhong_BPD_Pt_0.6	Shizhong_C+T	0.6	119	0.996874512561123	0.995776954849737	0.0787302081611683
BPD	Shizhong_BPD_Pt_0.5	Shizhong_C+T	0.5	Shizhong_BPD_Pt_0.7	Shizhong_C+T	0.7	119	0.995271467149731	0.994284981793021	0.0968379809795547
BPD	Shizhong_BPD_Pt_0.5	Shizhong_C+T	0.5	Shizhong_BPD_Pt_0.8	Shizhong_C+T	0.8	119	0.994973907729375	0.993959183093697	0.0998384314893188
BPD	Shizhong_BPD_Pt_0.5	Shizhong_C+T	0.5	Shizhong_BPD_Pt_0.9	Shizhong_C+T	0.9	119	0.994653161606055	0.993989460190856	0.102974821960224
BPD	Shizhong_BPD_Pt_0.5	Shizhong_C+T	0.5	Shizhong_BPD_Pt_1	Shizhong_C+T	1	119	0.994684210474639	0.993766880267417	0.102675401388526
BPD	Shizhong_BPD_Pt_0.5	Shizhong_C+T	0.5	PRSice_BPD_Pt_5e-08	PRSice_C+T	5e-08	119	0.400931511832087	0.402335849594075	1.08998559549355
BPD	Shizhong_BPD_Pt_0.5	Shizhong_C+T	0.5	PRSice_BPD_Pt_1e-06	PRSice_C+T	1e-06	119	0.460551461170597	0.471150833214642	1.03432621336872
BPD	Shizhong_BPD_Pt_0.5	Shizhong_C+T	0.5	PRSice_BPD_Pt_0.0001	PRSice_C+T	1e-04	119	0.519540021034925	0.51426434980772	0.976137797803407
BPD	Shizhong_BPD_Pt_0.5	Shizhong_C+T	0.5	PRSice_BPD_Pt_0.001	PRSice_C+T	0.001	119	0.575609504745733	0.593077909129754	0.917413961711351
BPD	Shizhong_BPD_Pt_0.5	Shizhong_C+T	0.5	PRSice_BPD_Pt_0.01	PRSice_C+T	0.01	119	0.689796884508908	0.701979774960832	0.784342229669446
BPD	Shizhong_BPD_Pt_0.5	Shizhong_C+T	0.5	PRSice_BPD_Pt_0.05	PRSice_C+T	0.05	119	0.805974142164204	0.830045577553055	0.620315062596771
BPD	Shizhong_BPD_Pt_0.5	Shizhong_C+T	0.5	PRSice_BPD_Pt_0.1	PRSice_C+T	0.1	119	0.852896608762493	0.877659877510326	0.540124482477754
BPD	Shizhong_BPD_Pt_0.5	Shizhong_C+T	0.5	PRSice_BPD_Pt_0.5	PRSice_C+T	0.5	119	0.908678411663585	0.920759151118075	0.425568278966061
BPD	Shizhong_BPD_Pt_0.5	Shizhong_C+T	0.5	PRSice_BPD_Pt_1	PRSice_C+T	1	119	0.912402966023684	0.923095000712149	0.416799530822919
BPD	Shizhong_BPD_Pt_0.5	Shizhong_C+T	0.5	GraphPred_BPD	GraphPred_bcftools	NA	119	0.781632978522718	0.79562028201111	0.658075990277837
BPD	Shizhong_BPD_Pt_0.6	Shizhong_C+T	0.6	Shizhong_BPD_Pt_0.7	Shizhong_C+T	0.7	119	0.998537940186626	0.997806572455309	0.0538474436989351
BPD	Shizhong_BPD_Pt_0.6	Shizhong_C+T	0.6	Shizhong_BPD_Pt_0.8	Shizhong_C+T	0.8	119	0.998028649788548	0.997320533615976	0.0625265422566831
BPD	Shizhong_BPD_Pt_0.6	Shizhong_C+T	0.6	Shizhong_BPD_Pt_0.9	Shizhong_C+T	0.9	119	0.997826817159202	0.997030337558753	0.0656493838526871
BPD	Shizhong_BPD_Pt_0.6	Shizhong_C+T	0.6	Shizhong_BPD_Pt_1	Shizhong_C+T	1	119	0.997854674426545	0.996950204491171	0.0652272585267739
BPD	Shizhong_BPD_Pt_0.6	Shizhong_C+T	0.6	PRSice_BPD_Pt_5e-08	PRSice_C+T	5e-08	119	0.409587003853625	0.416108816407919	1.08208275320998
BPD	Shizhong_BPD_Pt_0.6	Shizhong_C+T	0.6	PRSice_BPD_Pt_1e-06	PRSice_C+T	1e-06	119	0.468980568299838	0.483798604187438	1.0262135094946
BPD	Shizhong_BPD_Pt_0.6	Shizhong_C+T	0.6	PRSice_BPD_Pt_0.0001	PRSice_C+T	1e-04	119	0.528021835504773	0.524205953567868	0.967483293325773
BPD	Shizhong_BPD_Pt_0.6	Shizhong_C+T	0.6	PRSice_BPD_Pt_0.001	PRSice_C+T	0.001	119	0.582203853678519	0.599893177610027	0.910258484536767
BPD	Shizhong_BPD_Pt_0.6	Shizhong_C+T	0.6	PRSice_BPD_Pt_0.01	PRSice_C+T	0.01	119	0.691345333382063	0.707463324312776	0.782382169944674
BPD	Shizhong_BPD_Pt_0.6	Shizhong_C+T	0.6	PRSice_BPD_Pt_0.05	PRSice_C+T	0.05	119	0.806220697630636	0.832196268337844	0.619920809249798
BPD	Shizhong_BPD_Pt_0.6	Shizhong_C+T	0.6	PRSice_BPD_Pt_0.1	PRSice_C+T	0.1	119	0.851829889483572	0.877731092436975	0.542079299618236
BPD	Shizhong_BPD_Pt_0.6	Shizhong_C+T	0.6	PRSice_BPD_Pt_0.5	PRSice_C+T	0.5	119	0.905993803061765	0.919085600341832	0.431778250718439
BPD	Shizhong_BPD_Pt_0.6	Shizhong_C+T	0.6	PRSice_BPD_Pt_1	PRSice_C+T	1	119	0.91306689596014	0.923963822817263	0.415216988462204
BPD	Shizhong_BPD_Pt_0.6	Shizhong_C+T	0.6	GraphPred_BPD	GraphPred_bcftools	NA	119	0.780650113775587	0.794651759008688	0.659555319695909
BPD	Shizhong_BPD_Pt_0.7	Shizhong_C+T	0.7	Shizhong_BPD_Pt_0.8	Shizhong_C+T	0.8	119	0.999447092721553	0.999143635934691	0.0331137735329719
BPD	Shizhong_BPD_Pt_0.7	Shizhong_C+T	0.7	Shizhong_BPD_Pt_0.9	Shizhong_C+T	0.9	119	0.999207620069136	0.998778659665425	0.0396414246964558
BPD	Shizhong_BPD_Pt_0.7	Shizhong_C+T	0.7	Shizhong_BPD_Pt_1	Shizhong_C+T	1	119	0.999203767510008	0.998662927851318	0.0397376763453735
BPD	Shizhong_BPD_Pt_0.7	Shizhong_C+T	0.7	PRSice_BPD_Pt_5e-08	PRSice_C+T	5e-08	119	0.406593701485445	0.414874714696814	1.08482228126455
BPD	Shizhong_BPD_Pt_0.7	Shizhong_C+T	0.7	PRSice_BPD_Pt_1e-06	PRSice_C+T	1e-06	119	0.463654305206458	0.479541659103094	1.03134726267597
BPD	Shizhong_BPD_Pt_0.7	Shizhong_C+T	0.7	PRSice_BPD_Pt_0.0001	PRSice_C+T	1e-04	119	0.526170486866571	0.525308094676791	0.969378927477653
BPD	Shizhong_BPD_Pt_0.7	Shizhong_C+T	0.7	PRSice_BPD_Pt_0.001	PRSice_C+T	0.001	119	0.585593685756382	0.602035329854728	0.90655822564419
BPD	Shizhong_BPD_Pt_0.7	Shizhong_C+T	0.7	PRSice_BPD_Pt_0.01	PRSice_C+T	0.01	119	0.690630571758765	0.706240942323742	0.783287539983588
BPD	Shizhong_BPD_Pt_0.7	Shizhong_C+T	0.7	PRSice_BPD_Pt_0.05	PRSice_C+T	0.05	119	0.802713685147013	0.829286530722145	0.625505310386643
BPD	Shizhong_BPD_Pt_0.7	Shizhong_C+T	0.7	PRSice_BPD_Pt_0.1	PRSice_C+T	0.1	119	0.84972771362632	0.873959813279338	0.545911154037381
BPD	Shizhong_BPD_Pt_0.7	Shizhong_C+T	0.7	PRSice_BPD_Pt_0.5	PRSice_C+T	0.5	119	0.904283900515781	0.916603463200025	0.435687416650431
BPD	Shizhong_BPD_Pt_0.7	Shizhong_C+T	0.7	PRSice_BPD_Pt_1	PRSice_C+T	1	119	0.912480713047901	0.922706604145588	0.416614523892829
BPD	Shizhong_BPD_Pt_0.7	Shizhong_C+T	0.7	GraphPred_BPD	GraphPred_bcftools	NA	119	0.778254087638809	0.792966788805728	0.663147798507913
BPD	Shizhong_BPD_Pt_0.8	Shizhong_C+T	0.8	Shizhong_BPD_Pt_0.9	Shizhong_C+T	0.9	119	0.999824728722918	0.999453424466448	0.0186439485735943
BPD	Shizhong_BPD_Pt_0.8	Shizhong_C+T	0.8	Shizhong_BPD_Pt_1	Shizhong_C+T	1	119	0.999815247277783	0.999337696471913	0.0191415870989302
BPD	Shizhong_BPD_Pt_0.8	Shizhong_C+T	0.8	PRSice_BPD_Pt_5e-08	PRSice_C+T	5e-08	119	0.411326907416168	0.418484579271029	1.08048716778409
BPD	Shizhong_BPD_Pt_0.8	Shizhong_C+T	0.8	PRSice_BPD_Pt_1e-06	PRSice_C+T	1e-06	119	0.466138683965526	0.481673696186663	1.02895586541694
BPD	Shizhong_BPD_Pt_0.8	Shizhong_C+T	0.8	PRSice_BPD_Pt_0.0001	PRSice_C+T	1e-04	119	0.527931663840971	0.525631187921336	0.967575707994956
BPD	Shizhong_BPD_Pt_0.8	Shizhong_C+T	0.8	PRSice_BPD_Pt_0.001	PRSice_C+T	0.001	119	0.587164213079615	0.602700118752057	0.904838746547623
BPD	Shizhong_BPD_Pt_0.8	Shizhong_C+T	0.8	PRSice_BPD_Pt_0.01	PRSice_C+T	0.01	119	0.69260286239162	0.705798151614407	0.780786742183524
BPD	Shizhong_BPD_Pt_0.8	Shizhong_C+T	0.8	PRSice_BPD_Pt_0.05	PRSice_C+T	0.05	119	0.804627118394984	0.83128975803037	0.622464605715001
BPD	Shizhong_BPD_Pt_0.8	Shizhong_C+T	0.8	PRSice_BPD_Pt_0.1	PRSice_C+T	0.1	119	0.850705142772416	0.875720829870406	0.544132848843772
BPD	Shizhong_BPD_Pt_0.8	Shizhong_C+T	0.8	PRSice_BPD_Pt_0.5	PRSice_C+T	0.5	119	0.905211586255834	0.919243909779106	0.433570922577144
BPD	Shizhong_BPD_Pt_0.8	Shizhong_C+T	0.8	PRSice_BPD_Pt_1	PRSice_C+T	1	119	0.913727083819719	0.925243778031267	0.413637362169742
BPD	Shizhong_BPD_Pt_0.8	Shizhong_C+T	0.8	GraphPred_BPD	GraphPred_bcftools	NA	119	0.777103435841117	0.791555318964577	0.664866127559226
BPD	Shizhong_BPD_Pt_0.9	Shizhong_C+T	0.9	Shizhong_BPD_Pt_1	Shizhong_C+T	1	119	0.99997753411646	0.999880714375007	0.00667489244894558
BPD	Shizhong_BPD_Pt_0.9	Shizhong_C+T	0.9	PRSice_BPD_Pt_5e-08	PRSice_C+T	5e-08	119	0.410887401877744	0.416187152827233	1.08089044041255
BPD	Shizhong_BPD_Pt_0.9	Shizhong_C+T	0.9	PRSice_BPD_Pt_1e-06	PRSice_C+T	1e-06	119	0.466785293624069	0.479717988890472	1.0283325439993
BPD	Shizhong_BPD_Pt_0.9	Shizhong_C+T	0.9	PRSice_BPD_Pt_0.0001	PRSice_C+T	1e-04	119	0.527526897833117	0.523116365190144	0.967990433799632
BPD	Shizhong_BPD_Pt_0.9	Shizhong_C+T	0.9	PRSice_BPD_Pt_0.001	PRSice_C+T	0.001	119	0.588331892897808	0.601523999430281	0.903558200941356
BPD	Shizhong_BPD_Pt_0.9	Shizhong_C+T	0.9	PRSice_BPD_Pt_0.01	PRSice_C+T	0.01	119	0.69373465149025	0.705312633527988	0.779348048202998
BPD	Shizhong_BPD_Pt_0.9	Shizhong_C+T	0.9	PRSice_BPD_Pt_0.05	PRSice_C+T	0.05	119	0.805207940862747	0.830358923230309	0.621538657007391
BPD	Shizhong_BPD_Pt_0.9	Shizhong_C+T	0.9	PRSice_BPD_Pt_0.1	PRSice_C+T	0.1	119	0.85085022847996	0.875110383136306	0.543868388666784
BPD	Shizhong_BPD_Pt_0.9	Shizhong_C+T	0.9	PRSice_BPD_Pt_0.5	PRSice_C+T	0.5	119	0.905869795594569	0.919520011394389	0.4320629451466
BPD	Shizhong_BPD_Pt_0.9	Shizhong_C+T	0.9	PRSice_BPD_Pt_1	PRSice_C+T	1	119	0.914497147081711	0.925637373593506	0.411787181804456
BPD	Shizhong_BPD_Pt_0.9	Shizhong_C+T	0.9	GraphPred_BPD	GraphPred_bcftools	NA	119	0.776494471452865	0.789524284289987	0.665773731575903
BPD	Shizhong_BPD_Pt_1	Shizhong_C+T	1	PRSice_BPD_Pt_5e-08	PRSice_C+T	5e-08	119	0.410260425361242	0.415908075287633	1.08146546860627
BPD	Shizhong_BPD_Pt_1	Shizhong_C+T	1	PRSice_BPD_Pt_1e-06	PRSice_C+T	1e-06	119	0.466318248463182	0.480147842984218	1.02878280597575
BPD	Shizhong_BPD_Pt_1	Shizhong_C+T	1	PRSice_BPD_Pt_0.0001	PRSice_C+T	1e-04	119	0.52738511330295	0.52301945780972	0.968135665108281
BPD	Shizhong_BPD_Pt_1	Shizhong_C+T	1	PRSice_BPD_Pt_0.001	PRSice_C+T	0.001	119	0.587917381851774	0.601634035228112	0.904012985530764
BPD	Shizhong_BPD_Pt_1	Shizhong_C+T	1	PRSice_BPD_Pt_0.01	PRSice_C+T	0.01	119	0.693106921342033	0.704543714636071	0.78014632630535
BPD	Shizhong_BPD_Pt_1	Shizhong_C+T	1	PRSice_BPD_Pt_0.05	PRSice_C+T	0.05	119	0.804735936922159	0.828914126814238	0.622291231817057
BPD	Shizhong_BPD_Pt_1	Shizhong_C+T	1	PRSice_BPD_Pt_0.1	PRSice_C+T	0.1	119	0.85050939495914	0.873847424777943	0.544489451631688
BPD	Shizhong_BPD_Pt_1	Shizhong_C+T	1	PRSice_BPD_Pt_0.5	PRSice_C+T	0.5	119	0.905759557776562	0.918677460546471	0.432315870016741
BPD	Shizhong_BPD_Pt_1	Shizhong_C+T	1	PRSice_BPD_Pt_1	PRSice_C+T	1	119	0.91440441732614	0.92497289368696	0.412010417497314
BPD	Shizhong_BPD_Pt_1	Shizhong_C+T	1	GraphPred_BPD	GraphPred_bcftools	NA	119	0.776071757929924	0.78944660366425	0.666403019405996
BPD	PRSice_BPD_Pt_5e-08	PRSice_C+T	5e-08	PRSice_BPD_Pt_1e-06	PRSice_C+T	1e-06	119	0.903398871271633	0.853874092009685	0.437697051708993
BPD	PRSice_BPD_Pt_5e-08	PRSice_C+T	5e-08	PRSice_BPD_Pt_0.0001	PRSice_C+T	1e-04	119	0.707532208989137	0.634603332858567	0.761590544165774
BPD	PRSice_BPD_Pt_5e-08	PRSice_C+T	5e-08	PRSice_BPD_Pt_0.001	PRSice_C+T	0.001	119	0.580152267000729	0.600213644779946	0.912490658351298
BPD	PRSice_BPD_Pt_5e-08	PRSice_C+T	5e-08	PRSice_BPD_Pt_0.01	PRSice_C+T	0.01	119	0.553239702637176	0.505611736219912	0.941282114086623
BPD	PRSice_BPD_Pt_5e-08	PRSice_C+T	5e-08	PRSice_BPD_Pt_0.05	PRSice_C+T	0.05	119	0.497297555009041	0.47901296111665	0.99847689477215
BPD	PRSice_BPD_Pt_5e-08	PRSice_C+T	5e-08	PRSice_BPD_Pt_0.1	PRSice_C+T	0.1	119	0.486242179467775	0.458595641646489	1.00939638192606
BPD	PRSice_BPD_Pt_5e-08	PRSice_C+T	5e-08	PRSice_BPD_Pt_0.5	PRSice_C+T	0.5	119	0.457357864528168	0.433364193134881	1.03738335973418
BPD	PRSice_BPD_Pt_5e-08	PRSice_C+T	5e-08	PRSice_BPD_Pt_1	PRSice_C+T	1	119	0.462222466181078	0.443106395100413	1.03272299759351
BPD	PRSice_BPD_Pt_5e-08	PRSice_C+T	5e-08	GraphPred_BPD	GraphPred_bcftools	NA	119	0.627322637855167	0.615610311921379	0.859704157958772
BPD	PRSice_BPD_Pt_1e-06	PRSice_C+T	1e-06	PRSice_BPD_Pt_0.0001	PRSice_C+T	1e-04	119	0.783020178589036	0.722610739210939	0.655982410689761
BPD	PRSice_BPD_Pt_1e-06	PRSice_C+T	1e-06	PRSice_BPD_Pt_0.001	PRSice_C+T	0.001	119	0.666467949030021	0.674177467597209	0.813301002858958
BPD	PRSice_BPD_Pt_1e-06	PRSice_C+T	1e-06	PRSice_BPD_Pt_0.01	PRSice_C+T	0.01	119	0.603363814733127	0.576135878080046	0.886908234350946
BPD	PRSice_BPD_Pt_1e-06	PRSice_C+T	1e-06	PRSice_BPD_Pt_0.05	PRSice_C+T	0.05	119	0.553142640829084	0.554842615012107	0.941384358604217
BPD	PRSice_BPD_Pt_1e-06	PRSice_C+T	1e-06	PRSice_BPD_Pt_0.1	PRSice_C+T	0.1	119	0.548688816732216	0.554401082466885	0.946064112326384
BPD	PRSice_BPD_Pt_1e-06	PRSice_C+T	1e-06	PRSice_BPD_Pt_0.5	PRSice_C+T	0.5	119	0.498420137703454	0.494986469163937	0.997361424430005
BPD	PRSice_BPD_Pt_1e-06	PRSice_C+T	1e-06	PRSice_BPD_Pt_1	PRSice_C+T	1	119	0.501891783067236	0.5002634952286	0.993903852087509
BPD	PRSice_BPD_Pt_1e-06	PRSice_C+T	1e-06	GraphPred_BPD	GraphPred_bcftools	NA	119	0.666488011290888	0.648668280871671	0.813276542087935
BPD	PRSice_BPD_Pt_0.0001	PRSice_C+T	1e-04	PRSice_BPD_Pt_0.001	PRSice_C+T	0.001	119	0.861288551447292	0.858182595071927	0.52449176567015
BPD	PRSice_BPD_Pt_0.0001	PRSice_C+T	1e-04	PRSice_BPD_Pt_0.01	PRSice_C+T	0.01	119	0.716316518421278	0.696695627403504	0.750066112786786
BPD	PRSice_BPD_Pt_0.0001	PRSice_C+T	1e-04	PRSice_BPD_Pt_0.05	PRSice_C+T	0.05	119	0.674163989374643	0.692593647628543	0.803863039191391
BPD	PRSice_BPD_Pt_0.0001	PRSice_C+T	1e-04	PRSice_BPD_Pt_0.1	PRSice_C+T	0.1	119	0.621148937131703	0.627553055120353	0.866795755055656
BPD	PRSice_BPD_Pt_0.0001	PRSice_C+T	1e-04	PRSice_BPD_Pt_0.5	PRSice_C+T	0.5	119	0.577606857120142	0.573529411764706	0.915252556042084
BPD	PRSice_BPD_Pt_0.0001	PRSice_C+T	1e-04	PRSice_BPD_Pt_1	PRSice_C+T	1	119	0.580915469742726	0.571620851730523	0.911660914502335
BPD	PRSice_BPD_Pt_0.0001	PRSice_C+T	1e-04	GraphPred_BPD	GraphPred_bcftools	NA	119	0.698007682592769	0.665517732516736	0.773892197713329
BPD	PRSice_BPD_Pt_0.001	PRSice_C+T	0.001	PRSice_BPD_Pt_0.01	PRSice_C+T	0.01	119	0.844124132077239	0.851986896453497	0.555996378908555
BPD	PRSice_BPD_Pt_0.001	PRSice_C+T	0.001	PRSice_BPD_Pt_0.05	PRSice_C+T	0.05	119	0.766095961085798	0.793327161373024	0.681085102986784
BPD	PRSice_BPD_Pt_0.001	PRSice_C+T	0.001	PRSice_BPD_Pt_0.1	PRSice_C+T	0.1	119	0.739266933342563	0.754180316194275	0.719085575552514
BPD	PRSice_BPD_Pt_0.001	PRSice_C+T	0.001	PRSice_BPD_Pt_0.5	PRSice_C+T	0.5	119	0.682636706818438	0.698874804158952	0.793342769238448
BPD	PRSice_BPD_Pt_0.001	PRSice_C+T	0.001	PRSice_BPD_Pt_1	PRSice_C+T	1	119	0.687183053761991	0.69661729098419	0.78763980651574
BPD	PRSice_BPD_Pt_0.001	PRSice_C+T	0.001	GraphPred_BPD	GraphPred_bcftools	NA	119	0.727338672811565	0.739267910554052	0.735350332197368
BPD	PRSice_BPD_Pt_0.01	PRSice_C+T	0.01	PRSice_BPD_Pt_0.05	PRSice_C+T	0.05	119	0.892744757505445	0.885116080330438	0.461202640789875
BPD	PRSice_BPD_Pt_0.01	PRSice_C+T	0.01	PRSice_BPD_Pt_0.1	PRSice_C+T	0.1	119	0.869134723761147	0.850505625979205	0.509441984989783
BPD	PRSice_BPD_Pt_0.01	PRSice_C+T	0.01	PRSice_BPD_Pt_0.5	PRSice_C+T	0.5	119	0.811994297984348	0.801467027488962	0.610615791094173
BPD	PRSice_BPD_Pt_0.01	PRSice_C+T	0.01	PRSice_BPD_Pt_1	PRSice_C+T	1	119	0.815457637229738	0.80102549494374	0.604965431429811
BPD	PRSice_BPD_Pt_0.01	PRSice_C+T	0.01	GraphPred_BPD	GraphPred_bcftools	NA	119	0.789465541417527	0.781128044438114	0.646166018065834
BPD	PRSice_BPD_Pt_0.05	PRSice_C+T	0.05	PRSice_BPD_Pt_0.1	PRSice_C+T	0.1	119	0.956284854462423	0.955804016521863	0.294441136301963
BPD	PRSice_BPD_Pt_0.05	PRSice_C+T	0.05	PRSice_BPD_Pt_0.5	PRSice_C+T	0.5	119	0.909105766279547	0.914648910411622	0.424571352378762
BPD	PRSice_BPD_Pt_0.05	PRSice_C+T	0.05	PRSice_BPD_Pt_1	PRSice_C+T	1	119	0.910828662725154	0.91504059250819	0.420528235214117
BPD	PRSice_BPD_Pt_0.05	PRSice_C+T	0.05	GraphPred_BPD	GraphPred_bcftools	NA	119	0.814423649711107	0.831947016094574	0.606657869248252
BPD	PRSice_BPD_Pt_0.1	PRSice_C+T	0.1	PRSice_BPD_Pt_0.5	PRSice_C+T	0.5	119	0.948347876324117	0.947528842045293	0.320056470693601
BPD	PRSice_BPD_Pt_0.1	PRSice_C+T	0.1	PRSice_BPD_Pt_1	PRSice_C+T	1	119	0.947215431224025	0.946624412476855	0.323545981187018
BPD	PRSice_BPD_Pt_0.1	PRSice_C+T	0.1	GraphPred_BPD	GraphPred_bcftools	NA	119	0.828858770561299	0.840927218344965	0.582585732483691
BPD	PRSice_BPD_Pt_0.5	PRSice_C+T	0.5	PRSice_BPD_Pt_1	PRSice_C+T	1	119	0.996230283218523	0.995492095143142	0.0864643104314766
BPD	PRSice_BPD_Pt_0.5	PRSice_C+T	0.5	GraphPred_BPD	GraphPred_bcftools	NA	119	0.816371162310852	0.830387409200969	0.60346621813117
BPD	PRSice_BPD_Pt_1	PRSice_C+T	1	GraphPred_BPD	GraphPred_bcftools	NA	119	0.81450560424581	0.825466457769549	0.606523897829724
MDD	Shizhong_MDD_Pt_1e-08	Shizhong_C+T	1e-08	Shizhong_MDD_Pt_1e-07	Shizhong_C+T	1e-07	119	0.852729800435408	0.826142999572711	0.54043063359208
MDD	Shizhong_MDD_Pt_1e-08	Shizhong_C+T	1e-08	Shizhong_MDD_Pt_1e-06	Shizhong_C+T	1e-06	119	0.750437146485642	0.744722973935337	0.703513591450944
MDD	Shizhong_MDD_Pt_1e-08	Shizhong_C+T	1e-08	Shizhong_MDD_Pt_1e-05	Shizhong_C+T	1e-05	119	0.630658495459351	0.60155248540094	0.855847877158621
MDD	Shizhong_MDD_Pt_1e-08	Shizhong_C+T	1e-08	Shizhong_MDD_Pt_1e-04	Shizhong_C+T	1e-04	119	0.551000360780549	0.56917105825381	0.94363820716154
MDD	Shizhong_MDD_Pt_1e-08	Shizhong_C+T	1e-08	Shizhong_MDD_Pt_0.001	Shizhong_C+T	0.001	119	0.51465136690666	0.46583107819399	0.981091303754528
MDD	Shizhong_MDD_Pt_1e-08	Shizhong_C+T	1e-08	Shizhong_MDD_Pt_0.01	Shizhong_C+T	0.01	119	0.489515444942778	0.43964534966529	1.00617569924966
MDD	Shizhong_MDD_Pt_1e-08	Shizhong_C+T	1e-08	Shizhong_MDD_Pt_0.05	Shizhong_C+T	0.05	119	0.423681394457629	0.3930280586811	1.06908895050919
MDD	Shizhong_MDD_Pt_1e-08	Shizhong_C+T	1e-08	Shizhong_MDD_Pt_0.1	Shizhong_C+T	0.1	119	0.383761007282215	0.366913545079049	1.10549582883644
MDD	Shizhong_MDD_Pt_1e-08	Shizhong_C+T	1e-08	Shizhong_MDD_Pt_0.2	Shizhong_C+T	0.2	119	0.346525272802808	0.301417177040308	1.13840532582647
MDD	Shizhong_MDD_Pt_1e-08	Shizhong_C+T	1e-08	Shizhong_MDD_Pt_0.3	Shizhong_C+T	0.3	119	0.354840991169673	0.311259079903148	1.13113881071639
MDD	Shizhong_MDD_Pt_1e-08	Shizhong_C+T	1e-08	Shizhong_MDD_Pt_0.4	Shizhong_C+T	0.4	119	0.357375625660583	0.314492237572995	1.12891467304933
MDD	Shizhong_MDD_Pt_1e-08	Shizhong_C+T	1e-08	Shizhong_MDD_Pt_0.5	Shizhong_C+T	0.5	119	0.356988938297576	0.321649337701182	1.12925427375982
MDD	Shizhong_MDD_Pt_1e-08	Shizhong_C+T	1e-08	Shizhong_MDD_Pt_0.6	Shizhong_C+T	0.6	119	0.354436653547658	0.320531263352799	1.13149321198257
MDD	Shizhong_MDD_Pt_1e-08	Shizhong_C+T	1e-08	Shizhong_MDD_Pt_0.7	Shizhong_C+T	0.7	119	0.360301630548386	0.326178607036035	1.12634164701622
MDD	Shizhong_MDD_Pt_1e-08	Shizhong_C+T	1e-08	Shizhong_MDD_Pt_0.8	Shizhong_C+T	0.8	119	0.363350084553869	0.330850306224185	1.12365467663039
MDD	Shizhong_MDD_Pt_1e-08	Shizhong_C+T	1e-08	Shizhong_MDD_Pt_0.9	Shizhong_C+T	0.9	119	0.362838879492182	0.325786924939467	1.12410571155697
MDD	Shizhong_MDD_Pt_1e-08	Shizhong_C+T	1e-08	Shizhong_MDD_Pt_1	Shizhong_C+T	1	119	0.363118132440554	0.324270047001852	1.12385934982324
MDD	Shizhong_MDD_Pt_1e-08	Shizhong_C+T	1e-08	PRSice_MDD_Pt_5e-08	PRSice_C+T	5e-08	119	0.866017920284942	0.83941034040735	0.515472947661697
MDD	Shizhong_MDD_Pt_1e-08	Shizhong_C+T	1e-08	PRSice_MDD_Pt_1e-06	PRSice_C+T	1e-06	119	0.755708117917125	0.747357926221336	0.696044551913447
MDD	Shizhong_MDD_Pt_1e-08	Shizhong_C+T	1e-08	PRSice_MDD_Pt_0.0001	PRSice_C+T	1e-04	119	0.616941462649395	0.622083748753739	0.871595729733846
MDD	Shizhong_MDD_Pt_1e-08	Shizhong_C+T	1e-08	PRSice_MDD_Pt_0.001	PRSice_C+T	0.001	119	0.546079800650717	0.516023358495941	0.948794755352881
MDD	Shizhong_MDD_Pt_1e-08	Shizhong_C+T	1e-08	PRSice_MDD_Pt_0.01	PRSice_C+T	0.01	119	0.518199422567949	0.490400227887765	0.97749867834579
MDD	Shizhong_MDD_Pt_1e-08	Shizhong_C+T	1e-08	PRSice_MDD_Pt_0.05	PRSice_C+T	0.05	119	0.450315514003389	0.419733656174334	1.04409318418932
MDD	Shizhong_MDD_Pt_1e-08	Shizhong_C+T	1e-08	PRSice_MDD_Pt_0.1	PRSice_C+T	0.1	119	0.438794621329419	0.421100982765988	1.05497807283859
MDD	Shizhong_MDD_Pt_1e-08	Shizhong_C+T	1e-08	PRSice_MDD_Pt_0.5	PRSice_C+T	0.5	119	0.393294537218502	0.380487110098277	1.09691120656874
MDD	Shizhong_MDD_Pt_1e-08	Shizhong_C+T	1e-08	PRSice_MDD_Pt_1	PRSice_C+T	1	119	0.402781457022159	0.383777239709443	1.08830133672576
MDD	Shizhong_MDD_Pt_1e-08	Shizhong_C+T	1e-08	GraphPred_MDD	GraphPred_bcftools	NA	119	0.447197474307612	0.431989745050563	1.04705026270645
MDD	Shizhong_MDD_Pt_1e-07	Shizhong_C+T	1e-07	Shizhong_MDD_Pt_1e-06	Shizhong_C+T	1e-06	119	0.85916879438833	0.861081042586526	0.528484153219997
MDD	Shizhong_MDD_Pt_1e-07	Shizhong_C+T	1e-07	Shizhong_MDD_Pt_1e-05	Shizhong_C+T	1e-05	119	0.670502064303849	0.643369890329013	0.808367546949056
MDD	Shizhong_MDD_Pt_1e-07	Shizhong_C+T	1e-07	Shizhong_MDD_Pt_1e-04	Shizhong_C+T	1e-04	119	0.591892913193383	0.587743911123772	0.899641723675502
MDD	Shizhong_MDD_Pt_1e-07	Shizhong_C+T	1e-07	Shizhong_MDD_Pt_0.001	Shizhong_C+T	0.001	119	0.49661171211909	0.481306081754736	0.999157779533582
MDD	Shizhong_MDD_Pt_1e-07	Shizhong_C+T	1e-07	Shizhong_MDD_Pt_0.01	Shizhong_C+T	0.01	119	0.482828813595817	0.48085742771685	1.01274400521341
MDD	Shizhong_MDD_Pt_1e-07	Shizhong_C+T	1e-07	Shizhong_MDD_Pt_0.05	Shizhong_C+T	0.05	119	0.431141416557321	0.429839054265774	1.06214712654327
MDD	Shizhong_MDD_Pt_1e-07	Shizhong_C+T	1e-07	Shizhong_MDD_Pt_0.1	Shizhong_C+T	0.1	119	0.375384887680888	0.383015239994303	1.11298359900677
MDD	Shizhong_MDD_Pt_1e-07	Shizhong_C+T	1e-07	Shizhong_MDD_Pt_0.2	Shizhong_C+T	0.2	119	0.35731658373478	0.343697478991597	1.12896653208871
MDD	Shizhong_MDD_Pt_1e-07	Shizhong_C+T	1e-07	Shizhong_MDD_Pt_0.3	Shizhong_C+T	0.3	119	0.355171158021772	0.330002848597066	1.13084933763407
MDD	Shizhong_MDD_Pt_1e-07	Shizhong_C+T	1e-07	Shizhong_MDD_Pt_0.4	Shizhong_C+T	0.4	119	0.354224212419434	0.33369890329013	1.13167937180985
MDD	Shizhong_MDD_Pt_1e-07	Shizhong_C+T	1e-07	Shizhong_MDD_Pt_0.5	Shizhong_C+T	0.5	119	0.353798555040592	0.338043013815696	1.13205227857732
MDD	Shizhong_MDD_Pt_1e-07	Shizhong_C+T	1e-07	Shizhong_MDD_Pt_0.6	Shizhong_C+T	0.6	119	0.347840942216775	0.332858567155676	1.13725874766173
MDD	Shizhong_MDD_Pt_1e-07	Shizhong_C+T	1e-07	Shizhong_MDD_Pt_0.7	Shizhong_C+T	0.7	119	0.3501937617183	0.337081612305939	1.13520542780369
MDD	Shizhong_MDD_Pt_1e-07	Shizhong_C+T	1e-07	Shizhong_MDD_Pt_0.8	Shizhong_C+T	0.8	119	0.351284448862708	0.339552770260647	1.13425231756542
MDD	Shizhong_MDD_Pt_1e-07	Shizhong_C+T	1e-07	Shizhong_MDD_Pt_0.9	Shizhong_C+T	0.9	119	0.350865508485038	0.335593220338983	1.13461850841731
MDD	Shizhong_MDD_Pt_1e-07	Shizhong_C+T	1e-07	Shizhong_MDD_Pt_1	Shizhong_C+T	1	119	0.35093710153583	0.334852585101837	1.13455593814765
MDD	Shizhong_MDD_Pt_1e-07	Shizhong_C+T	1e-07	PRSice_MDD_Pt_5e-08	PRSice_C+T	5e-08	119	0.848761913140481	0.825779803446803	0.547662630762008
MDD	Shizhong_MDD_Pt_1e-07	Shizhong_C+T	1e-07	PRSice_MDD_Pt_1e-06	PRSice_C+T	1e-06	119	0.820448658804714	0.813815695769833	0.596728592234905
MDD	Shizhong_MDD_Pt_1e-07	Shizhong_C+T	1e-07	PRSice_MDD_Pt_0.0001	PRSice_C+T	1e-04	119	0.631382181440031	0.628315054835494	0.855008993908923
MDD	Shizhong_MDD_Pt_1e-07	Shizhong_C+T	1e-07	PRSice_MDD_Pt_0.001	PRSice_C+T	0.001	119	0.536403171831479	0.522418458908987	0.95885458386894
MDD	Shizhong_MDD_Pt_1e-07	Shizhong_C+T	1e-07	PRSice_MDD_Pt_0.01	PRSice_C+T	0.01	119	0.510717990793786	0.507093006694203	0.985058775590038
MDD	Shizhong_MDD_Pt_1e-07	Shizhong_C+T	1e-07	PRSice_MDD_Pt_0.05	PRSice_C+T	0.05	119	0.460767261439091	0.452428428998718	1.03411930743989
MDD	Shizhong_MDD_Pt_1e-07	Shizhong_C+T	1e-07	PRSice_MDD_Pt_0.1	PRSice_C+T	0.1	119	0.431246158560488	0.445143142002564	1.06204933726621
MDD	Shizhong_MDD_Pt_1e-07	Shizhong_C+T	1e-07	PRSice_MDD_Pt_0.5	PRSice_C+T	0.5	119	0.401438692167449	0.408211081042587	1.08952409874768
MDD	Shizhong_MDD_Pt_1e-07	Shizhong_C+T	1e-07	PRSice_MDD_Pt_1	PRSice_C+T	1	119	0.407859643326766	0.405640222190571	1.08366451200492
MDD	Shizhong_MDD_Pt_1e-07	Shizhong_C+T	1e-07	GraphPred_MDD	GraphPred_bcftools	NA	119	0.466396760619759	0.470965674405355	1.02870712891971
MDD	Shizhong_MDD_Pt_1e-06	Shizhong_C+T	1e-06	Shizhong_MDD_Pt_1e-05	Shizhong_C+T	1e-05	119	0.835503296178296	0.815952143569292	0.571164387159256
MDD	Shizhong_MDD_Pt_1e-06	Shizhong_C+T	1e-06	Shizhong_MDD_Pt_1e-04	Shizhong_C+T	1e-04	119	0.737109416765052	0.717162797322319	0.72205459443168
MDD	Shizhong_MDD_Pt_1e-06	Shizhong_C+T	1e-06	Shizhong_MDD_Pt_0.001	Shizhong_C+T	0.001	119	0.561600572687133	0.568629824811281	0.932432730562284
MDD	Shizhong_MDD_Pt_1e-06	Shizhong_C+T	1e-06	Shizhong_MDD_Pt_0.01	Shizhong_C+T	0.01	119	0.508934029020557	0.508139866115938	0.986852943635774
MDD	Shizhong_MDD_Pt_1e-06	Shizhong_C+T	1e-06	Shizhong_MDD_Pt_0.05	Shizhong_C+T	0.05	119	0.46047170916371	0.433734510753454	1.03440266787436
MDD	Shizhong_MDD_Pt_1e-06	Shizhong_C+T	1e-06	Shizhong_MDD_Pt_0.1	Shizhong_C+T	0.1	119	0.36855556775669	0.342016806722689	1.11905154171751
MDD	Shizhong_MDD_Pt_1e-06	Shizhong_C+T	1e-06	Shizhong_MDD_Pt_0.2	Shizhong_C+T	0.2	119	0.352832374299852	0.309685230024213	1.13289826753412
MDD	Shizhong_MDD_Pt_1e-06	Shizhong_C+T	1e-06	Shizhong_MDD_Pt_0.3	Shizhong_C+T	0.3	119	0.343388654930854	0.29273607748184	1.1411341749975
MDD	Shizhong_MDD_Pt_1e-06	Shizhong_C+T	1e-06	Shizhong_MDD_Pt_0.4	Shizhong_C+T	0.4	119	0.340655039273877	0.292031049708019	1.14350710253189
MDD	Shizhong_MDD_Pt_1e-06	Shizhong_C+T	1e-06	Shizhong_MDD_Pt_0.5	Shizhong_C+T	0.5	119	0.335531303326119	0.290834638940322	1.14794157178281
MDD	Shizhong_MDD_Pt_1e-06	Shizhong_C+T	1e-06	Shizhong_MDD_Pt_0.6	Shizhong_C+T	0.6	119	0.333278265769591	0.289032901296112	1.14988610790931
MDD	Shizhong_MDD_Pt_1e-06	Shizhong_C+T	1e-06	Shizhong_MDD_Pt_0.7	Shizhong_C+T	0.7	119	0.335812287782232	0.288918957413474	1.14769883059224
MDD	Shizhong_MDD_Pt_1e-06	Shizhong_C+T	1e-06	Shizhong_MDD_Pt_0.8	Shizhong_C+T	0.8	119	0.335687103878859	0.288000284859707	1.14780698273638
MDD	Shizhong_MDD_Pt_1e-06	Shizhong_C+T	1e-06	Shizhong_MDD_Pt_0.9	Shizhong_C+T	0.9	119	0.335436354755997	0.285094715852443	1.14802358581745
MDD	Shizhong_MDD_Pt_1e-06	Shizhong_C+T	1e-06	Shizhong_MDD_Pt_1	Shizhong_C+T	1	119	0.335571358679213	0.283912548070076	1.14790697128305
MDD	Shizhong_MDD_Pt_1e-06	Shizhong_C+T	1e-06	PRSice_MDD_Pt_5e-08	PRSice_C+T	5e-08	119	0.767221923114817	0.726207093006694	0.679443829307516
MDD	Shizhong_MDD_Pt_1e-06	Shizhong_C+T	1e-06	PRSice_MDD_Pt_1e-06	PRSice_C+T	1e-06	119	0.895729665290932	0.878770830366045	0.454739735253016
MDD	Shizhong_MDD_Pt_1e-06	Shizhong_C+T	1e-06	PRSice_MDD_Pt_0.0001	PRSice_C+T	1e-04	119	0.754370599026791	0.727894886768267	0.697947402545476
MDD	Shizhong_MDD_Pt_1e-06	Shizhong_C+T	1e-06	PRSice_MDD_Pt_0.001	PRSice_C+T	0.001	119	0.608048226718377	0.598718131320325	0.881655330501784
MDD	Shizhong_MDD_Pt_1e-06	Shizhong_C+T	1e-06	PRSice_MDD_Pt_0.01	PRSice_C+T	0.01	119	0.55656600453152	0.555497792337274	0.937771464027463
MDD	Shizhong_MDD_Pt_1e-06	Shizhong_C+T	1e-06	PRSice_MDD_Pt_0.05	PRSice_C+T	0.05	119	0.48668998149428	0.463089303518017	1.00895638056206
MDD	Shizhong_MDD_Pt_1e-06	Shizhong_C+T	1e-06	PRSice_MDD_Pt_0.1	PRSice_C+T	0.1	119	0.457388312208269	0.439937330864549	1.0373542555072
MDD	Shizhong_MDD_Pt_1e-06	Shizhong_C+T	1e-06	PRSice_MDD_Pt_0.5	PRSice_C+T	0.5	119	0.4064502698097	0.389417461900014	1.08495337902747
MDD	Shizhong_MDD_Pt_1e-06	Shizhong_C+T	1e-06	PRSice_MDD_Pt_1	PRSice_C+T	1	119	0.413237888175094	0.390905853866971	1.07873197577151
MDD	Shizhong_MDD_Pt_1e-06	Shizhong_C+T	1e-06	GraphPred_MDD	GraphPred_bcftools	NA	119	0.511533960943833	0.519263637658453	0.984237047083113
MDD	Shizhong_MDD_Pt_1e-05	Shizhong_C+T	1e-05	Shizhong_MDD_Pt_1e-04	Shizhong_C+T	1e-04	119	0.844207702623448	0.818330722119356	0.555847314299531
MDD	Shizhong_MDD_Pt_1e-05	Shizhong_C+T	1e-05	Shizhong_MDD_Pt_0.001	Shizhong_C+T	0.001	119	0.691375055730231	0.669876086027631	0.782344498725635
MDD	Shizhong_MDD_Pt_1e-05	Shizhong_C+T	1e-05	Shizhong_MDD_Pt_0.01	Shizhong_C+T	0.01	119	0.628445062634871	0.641532545221479	0.858408558865885
MDD	Shizhong_MDD_Pt_1e-05	Shizhong_C+T	1e-05	Shizhong_MDD_Pt_0.05	Shizhong_C+T	0.05	119	0.535830446148074	0.51297535963538	0.959446683631535
MDD	Shizhong_MDD_Pt_1e-05	Shizhong_C+T	1e-05	Shizhong_MDD_Pt_0.1	Shizhong_C+T	0.1	119	0.457431161855065	0.439695200113944	1.03731329514638
MDD	Shizhong_MDD_Pt_1e-05	Shizhong_C+T	1e-05	Shizhong_MDD_Pt_0.2	Shizhong_C+T	0.2	119	0.437166243307597	0.406409343398376	1.0565075118124
MDD	Shizhong_MDD_Pt_1e-05	Shizhong_C+T	1e-05	Shizhong_MDD_Pt_0.3	Shizhong_C+T	0.3	119	0.41517302888186	0.378906138726677	1.07695167835498
MDD	Shizhong_MDD_Pt_1e-05	Shizhong_C+T	1e-05	Shizhong_MDD_Pt_0.4	Shizhong_C+T	0.4	119	0.398788989740421	0.366101694915254	1.09193298044894
MDD	Shizhong_MDD_Pt_1e-05	Shizhong_C+T	1e-05	Shizhong_MDD_Pt_0.5	Shizhong_C+T	0.5	119	0.393396280923804	0.35831790343256	1.09681922743163
MDD	Shizhong_MDD_Pt_1e-05	Shizhong_C+T	1e-05	Shizhong_MDD_Pt_0.6	Shizhong_C+T	0.6	119	0.394381530194861	0.362605042016807	1.09592813538702
MDD	Shizhong_MDD_Pt_1e-05	Shizhong_C+T	1e-05	Shizhong_MDD_Pt_0.7	Shizhong_C+T	0.7	119	0.39908580462444	0.364307078763709	1.09166340623359
MDD	Shizhong_MDD_Pt_1e-05	Shizhong_C+T	1e-05	Shizhong_MDD_Pt_0.8	Shizhong_C+T	0.8	119	0.398949236823037	0.362818686796753	1.09178744857007
MDD	Shizhong_MDD_Pt_1e-05	Shizhong_C+T	1e-05	Shizhong_MDD_Pt_0.9	Shizhong_C+T	0.9	119	0.397974114021047	0.360475715710013	1.09267272769142
MDD	Shizhong_MDD_Pt_1e-05	Shizhong_C+T	1e-05	Shizhong_MDD_Pt_1	Shizhong_C+T	1	119	0.397971011799416	0.358624127617149	1.09267554294296
MDD	Shizhong_MDD_Pt_1e-05	Shizhong_C+T	1e-05	PRSice_MDD_Pt_5e-08	PRSice_C+T	5e-08	119	0.636886652148341	0.567419171058254	0.848601172731498
MDD	Shizhong_MDD_Pt_1e-05	Shizhong_C+T	1e-05	PRSice_MDD_Pt_1e-06	PRSice_C+T	1e-06	119	0.76825806338771	0.738691069648198	0.677929974820783
MDD	Shizhong_MDD_Pt_1e-05	Shizhong_C+T	1e-05	PRSice_MDD_Pt_0.0001	PRSice_C+T	1e-04	119	0.815392903501227	0.788776527560177	0.605071526945581
MDD	Shizhong_MDD_Pt_1e-05	Shizhong_C+T	1e-05	PRSice_MDD_Pt_0.001	PRSice_C+T	0.001	119	0.715758374095123	0.687850733513745	0.750803623876763
MDD	Shizhong_MDD_Pt_1e-05	Shizhong_C+T	1e-05	PRSice_MDD_Pt_0.01	PRSice_C+T	0.01	119	0.674995422238139	0.693661871528272	0.802836778998445
MDD	Shizhong_MDD_Pt_1e-05	Shizhong_C+T	1e-05	PRSice_MDD_Pt_0.05	PRSice_C+T	0.05	119	0.556051543765168	0.54998575701467	0.938315295557672
MDD	Shizhong_MDD_Pt_1e-05	Shizhong_C+T	1e-05	PRSice_MDD_Pt_0.1	PRSice_C+T	0.1	119	0.5161266408684	0.510361771827375	0.979599098049627
MDD	Shizhong_MDD_Pt_1e-05	Shizhong_C+T	1e-05	PRSice_MDD_Pt_0.5	PRSice_C+T	0.5	119	0.466140376230885	0.448490243555049	1.02895423459289
MDD	Shizhong_MDD_Pt_1e-05	Shizhong_C+T	1e-05	PRSice_MDD_Pt_1	PRSice_C+T	1	119	0.475214543743611	0.45623842757442	1.02017203886316
MDD	Shizhong_MDD_Pt_1e-05	Shizhong_C+T	1e-05	GraphPred_MDD	GraphPred_bcftools	NA	119	0.586919655562842	0.602784503631961	0.90510671308805
MDD	Shizhong_MDD_Pt_1e-04	Shizhong_C+T	1e-04	Shizhong_MDD_Pt_0.001	Shizhong_C+T	0.001	119	0.778376324883111	0.738278023073636	0.662964993483634
MDD	Shizhong_MDD_Pt_1e-04	Shizhong_C+T	1e-04	Shizhong_MDD_Pt_0.01	Shizhong_C+T	0.01	119	0.636407183432267	0.641553909699473	0.849161250585348
MDD	Shizhong_MDD_Pt_1e-04	Shizhong_C+T	1e-04	Shizhong_MDD_Pt_0.05	Shizhong_C+T	0.05	119	0.570636469815755	0.592422731804586	0.922773464390845
MDD	Shizhong_MDD_Pt_1e-04	Shizhong_C+T	1e-04	Shizhong_MDD_Pt_0.1	Shizhong_C+T	0.1	119	0.480633498807167	0.504280017091583	1.01489120285187
MDD	Shizhong_MDD_Pt_1e-04	Shizhong_C+T	1e-04	Shizhong_MDD_Pt_0.2	Shizhong_C+T	0.2	119	0.472932477928306	0.487701182167783	1.02238777695232
MDD	Shizhong_MDD_Pt_1e-04	Shizhong_C+T	1e-04	Shizhong_MDD_Pt_0.3	Shizhong_C+T	0.3	119	0.44705629551599	0.460269192422732	1.04718395588554
MDD	Shizhong_MDD_Pt_1e-04	Shizhong_C+T	1e-04	Shizhong_MDD_Pt_0.4	Shizhong_C+T	0.4	119	0.431515740054763	0.44765702891326	1.0617976090482
MDD	Shizhong_MDD_Pt_1e-04	Shizhong_C+T	1e-04	Shizhong_MDD_Pt_0.5	Shizhong_C+T	0.5	119	0.430398252344218	0.444466600199402	1.0628407014673
MDD	Shizhong_MDD_Pt_1e-04	Shizhong_C+T	1e-04	Shizhong_MDD_Pt_0.6	Shizhong_C+T	0.6	119	0.430446373300917	0.452677681241988	1.06279580519387
MDD	Shizhong_MDD_Pt_1e-04	Shizhong_C+T	1e-04	Shizhong_MDD_Pt_0.7	Shizhong_C+T	0.7	119	0.435220516819174	0.456217063096425	1.0583321190474
MDD	Shizhong_MDD_Pt_1e-04	Shizhong_C+T	1e-04	Shizhong_MDD_Pt_0.8	Shizhong_C+T	0.8	119	0.434616694637758	0.452898447514599	1.05889771474785
MDD	Shizhong_MDD_Pt_1e-04	Shizhong_C+T	1e-04	Shizhong_MDD_Pt_0.9	Shizhong_C+T	0.9	119	0.434353284201733	0.451929924512178	1.05914435470531
MDD	Shizhong_MDD_Pt_1e-04	Shizhong_C+T	1e-04	Shizhong_MDD_Pt_1	Shizhong_C+T	1	119	0.434489960545804	0.450897308075773	1.05901638726575
MDD	Shizhong_MDD_Pt_1e-04	Shizhong_C+T	1e-04	PRSice_MDD_Pt_5e-08	PRSice_C+T	5e-08	119	0.599665320232818	0.542928357783792	0.891033694979431
MDD	Shizhong_MDD_Pt_1e-04	Shizhong_C+T	1e-04	PRSice_MDD_Pt_1e-06	PRSice_C+T	1e-06	119	0.716099258029469	0.686939182452642	0.75035327872912
MDD	Shizhong_MDD_Pt_1e-04	Shizhong_C+T	1e-04	PRSice_MDD_Pt_0.0001	PRSice_C+T	1e-04	119	0.903574735576093	0.89793476712719	0.437298452053538
MDD	Shizhong_MDD_Pt_1e-04	Shizhong_C+T	1e-04	PRSice_MDD_Pt_0.001	PRSice_C+T	0.001	119	0.798750397435387	0.765888050135308	0.631756961867169
MDD	Shizhong_MDD_Pt_1e-04	Shizhong_C+T	1e-04	PRSice_MDD_Pt_0.01	PRSice_C+T	0.01	119	0.694740842351306	0.717205526278308	0.77806677688132
MDD	Shizhong_MDD_Pt_1e-04	Shizhong_C+T	1e-04	PRSice_MDD_Pt_0.05	PRSice_C+T	0.05	119	0.610995888209149	0.651075345392394	0.878333842767044
MDD	Shizhong_MDD_Pt_1e-04	Shizhong_C+T	1e-04	PRSice_MDD_Pt_0.1	PRSice_C+T	0.1	119	0.5572449370448	0.585821108104259	0.937053287891424
MDD	Shizhong_MDD_Pt_1e-04	Shizhong_C+T	1e-04	PRSice_MDD_Pt_0.5	PRSice_C+T	0.5	119	0.487455241164774	0.517347956131605	1.00820400715479
MDD	Shizhong_MDD_Pt_1e-04	Shizhong_C+T	1e-04	PRSice_MDD_Pt_1	PRSice_C+T	1	119	0.49507219696285	0.52149978635522	1.00068447800026
MDD	Shizhong_MDD_Pt_1e-04	Shizhong_C+T	1e-04	GraphPred_MDD	GraphPred_bcftools	NA	119	0.619479529560023	0.643191853012391	0.868703423992189
MDD	Shizhong_MDD_Pt_0.001	Shizhong_C+T	0.001	Shizhong_MDD_Pt_0.01	Shizhong_C+T	0.01	119	0.775631112378907	0.770025637373594	0.667058370435364
MDD	Shizhong_MDD_Pt_0.001	Shizhong_C+T	0.001	Shizhong_MDD_Pt_0.05	Shizhong_C+T	0.05	119	0.670502055805114	0.685607463324313	0.808367557374161
MDD	Shizhong_MDD_Pt_0.001	Shizhong_C+T	0.001	Shizhong_MDD_Pt_0.1	Shizhong_C+T	0.1	119	0.610132209361389	0.625879504344111	0.879308354011581
MDD	Shizhong_MDD_Pt_0.001	Shizhong_C+T	0.001	Shizhong_MDD_Pt_0.2	Shizhong_C+T	0.2	119	0.56735406488968	0.567988890471443	0.926293965200403
MDD	Shizhong_MDD_Pt_0.001	Shizhong_C+T	0.001	Shizhong_MDD_Pt_0.3	Shizhong_C+T	0.3	119	0.539387336648805	0.523621991169349	0.955763536342735
MDD	Shizhong_MDD_Pt_0.001	Shizhong_C+T	0.001	Shizhong_MDD_Pt_0.4	Shizhong_C+T	0.4	119	0.536589405702427	0.533364193134881	0.958661971315023
MDD	Shizhong_MDD_Pt_0.001	Shizhong_C+T	0.001	Shizhong_MDD_Pt_0.5	Shizhong_C+T	0.5	119	0.525435513261669	0.515047714000855	0.970130455016215
MDD	Shizhong_MDD_Pt_0.001	Shizhong_C+T	0.001	Shizhong_MDD_Pt_0.6	Shizhong_C+T	0.6	119	0.52128730438397	0.512825808289418	0.974361226501292
MDD	Shizhong_MDD_Pt_0.001	Shizhong_C+T	0.001	Shizhong_MDD_Pt_0.7	Shizhong_C+T	0.7	119	0.524256223225114	0.512768836348099	0.97133509141926
MDD	Shizhong_MDD_Pt_0.001	Shizhong_C+T	0.001	Shizhong_MDD_Pt_0.8	Shizhong_C+T	0.8	119	0.524119628624616	0.513082182025353	0.971474525304646
MDD	Shizhong_MDD_Pt_0.001	Shizhong_C+T	0.001	Shizhong_MDD_Pt_0.9	Shizhong_C+T	0.9	119	0.52271588459621	0.512754593362769	0.972906289956072
MDD	Shizhong_MDD_Pt_0.001	Shizhong_C+T	0.001	Shizhong_MDD_Pt_1	Shizhong_C+T	1	119	0.522805437222757	0.51244836917818	0.972815012666413
MDD	Shizhong_MDD_Pt_0.001	Shizhong_C+T	0.001	PRSice_MDD_Pt_5e-08	PRSice_C+T	5e-08	119	0.484757446810327	0.414121919954423	1.01085388047446
MDD	Shizhong_MDD_Pt_0.001	Shizhong_C+T	0.001	PRSice_MDD_Pt_1e-06	PRSice_C+T	1e-06	119	0.547214989105039	0.531676399373309	0.947607613769561
MDD	Shizhong_MDD_Pt_0.001	Shizhong_C+T	0.001	PRSice_MDD_Pt_0.0001	PRSice_C+T	1e-04	119	0.709274313490108	0.697785215781228	0.759318923133107
MDD	Shizhong_MDD_Pt_0.001	Shizhong_C+T	0.001	PRSice_MDD_Pt_0.001	PRSice_C+T	0.001	119	0.906228254004737	0.900811850163795	0.431239488288715
MDD	Shizhong_MDD_Pt_0.001	Shizhong_C+T	0.001	PRSice_MDD_Pt_0.01	PRSice_C+T	0.01	119	0.787388523555256	0.793255946446375	0.64934555574391
MDD	Shizhong_MDD_Pt_0.001	Shizhong_C+T	0.001	PRSice_MDD_Pt_0.05	PRSice_C+T	0.05	119	0.689743681130177	0.70209371884347	0.784409488612846
MDD	Shizhong_MDD_Pt_0.001	Shizhong_C+T	0.001	PRSice_MDD_Pt_0.1	PRSice_C+T	0.1	119	0.643059576677191	0.652905569007264	0.841357146480798
MDD	Shizhong_MDD_Pt_0.001	Shizhong_C+T	0.001	PRSice_MDD_Pt_0.5	PRSice_C+T	0.5	119	0.551391408917925	0.55232872810141	0.94322719531293
MDD	Shizhong_MDD_Pt_0.001	Shizhong_C+T	0.001	PRSice_MDD_Pt_1	PRSice_C+T	1	119	0.564772428253266	0.560425865261359	0.929053493825022
MDD	Shizhong_MDD_Pt_0.001	Shizhong_C+T	0.001	GraphPred_MDD	GraphPred_bcftools	NA	119	0.7030157527053	0.716308218202535	0.767448475600867
MDD	Shizhong_MDD_Pt_0.01	Shizhong_C+T	0.01	Shizhong_MDD_Pt_0.05	Shizhong_C+T	0.05	119	0.861212768302069	0.851296111665005	0.524635020638091
MDD	Shizhong_MDD_Pt_0.01	Shizhong_C+T	0.01	Shizhong_MDD_Pt_0.1	Shizhong_C+T	0.1	119	0.813307876166394	0.81348810710725	0.608478894386408
MDD	Shizhong_MDD_Pt_0.01	Shizhong_C+T	0.01	Shizhong_MDD_Pt_0.2	Shizhong_C+T	0.2	119	0.765582867292874	0.742864264349808	0.681831710667137
MDD	Shizhong_MDD_Pt_0.01	Shizhong_C+T	0.01	Shizhong_MDD_Pt_0.3	Shizhong_C+T	0.3	119	0.742670627824786	0.723800028485971	0.714376568031542
MDD	Shizhong_MDD_Pt_0.01	Shizhong_C+T	0.01	Shizhong_MDD_Pt_0.4	Shizhong_C+T	0.4	119	0.74164037036216	0.72463324312776	0.715805197401014
MDD	Shizhong_MDD_Pt_0.01	Shizhong_C+T	0.01	Shizhong_MDD_Pt_0.5	Shizhong_C+T	0.5	119	0.732526972123543	0.712533827090158	0.728320472557643
MDD	Shizhong_MDD_Pt_0.01	Shizhong_C+T	0.01	Shizhong_MDD_Pt_0.6	Shizhong_C+T	0.6	119	0.729547412187951	0.713929639652471	0.732365860741883
MDD	Shizhong_MDD_Pt_0.01	Shizhong_C+T	0.01	Shizhong_MDD_Pt_0.7	Shizhong_C+T	0.7	119	0.731518227846123	0.71581683520866	0.729692569248237
MDD	Shizhong_MDD_Pt_0.01	Shizhong_C+T	0.01	Shizhong_MDD_Pt_0.8	Shizhong_C+T	0.8	119	0.73317514045802	0.715318330722119	0.727437466496665
MDD	Shizhong_MDD_Pt_0.01	Shizhong_C+T	0.01	Shizhong_MDD_Pt_0.9	Shizhong_C+T	0.9	119	0.733121798078803	0.715724255804017	0.727510175812645
MDD	Shizhong_MDD_Pt_0.01	Shizhong_C+T	0.01	Shizhong_MDD_Pt_1	Shizhong_C+T	1	119	0.733063898338279	0.714442387124341	0.727589088900535
MDD	Shizhong_MDD_Pt_0.01	Shizhong_C+T	0.01	PRSice_MDD_Pt_5e-08	PRSice_C+T	5e-08	119	0.468304673555189	0.414442387124341	1.0268663968516
MDD	Shizhong_MDD_Pt_0.01	Shizhong_C+T	0.01	PRSice_MDD_Pt_1e-06	PRSice_C+T	1e-06	119	0.505462231318137	0.486462042444096	0.990335285762461
MDD	Shizhong_MDD_Pt_0.01	Shizhong_C+T	0.01	PRSice_MDD_Pt_0.0001	PRSice_C+T	1e-04	119	0.619079100154578	0.606423586383706	0.86916038091981
MDD	Shizhong_MDD_Pt_0.01	Shizhong_C+T	0.01	PRSice_MDD_Pt_0.001	PRSice_C+T	0.001	119	0.732860107106226	0.708460333285857	0.72786677330985
MDD	Shizhong_MDD_Pt_0.01	Shizhong_C+T	0.01	PRSice_MDD_Pt_0.01	PRSice_C+T	0.01	119	0.913898484112469	0.885821108104259	0.41322626668017
MDD	Shizhong_MDD_Pt_0.01	Shizhong_C+T	0.01	PRSice_MDD_Pt_0.05	PRSice_C+T	0.05	119	0.842855216526841	0.811002706167213	0.558254850537324
MDD	Shizhong_MDD_Pt_0.01	Shizhong_C+T	0.01	PRSice_MDD_Pt_0.1	PRSice_C+T	0.1	119	0.817147391280206	0.787644210226464	0.602189392427216
MDD	Shizhong_MDD_Pt_0.01	Shizhong_C+T	0.01	PRSice_MDD_Pt_0.5	PRSice_C+T	0.5	119	0.746184591344192	0.715353938185444	0.709482214099919
MDD	Shizhong_MDD_Pt_0.01	Shizhong_C+T	0.01	PRSice_MDD_Pt_1	PRSice_C+T	1	119	0.754651282234862	0.725729952998149	0.697548512770744
MDD	Shizhong_MDD_Pt_0.01	Shizhong_C+T	0.01	GraphPred_MDD	GraphPred_bcftools	NA	119	0.752347298091458	0.724348383421165	0.700816076822518
MDD	Shizhong_MDD_Pt_0.05	Shizhong_C+T	0.05	Shizhong_MDD_Pt_0.1	Shizhong_C+T	0.1	119	0.938508911696504	0.92904144708731	0.349211558998304
MDD	Shizhong_MDD_Pt_0.05	Shizhong_C+T	0.05	Shizhong_MDD_Pt_0.2	Shizhong_C+T	0.2	119	0.910819349243596	0.894010824668851	0.420550195632239
MDD	Shizhong_MDD_Pt_0.05	Shizhong_C+T	0.05	Shizhong_MDD_Pt_0.3	Shizhong_C+T	0.3	119	0.890830811328651	0.876071784646062	0.465299474599432
MDD	Shizhong_MDD_Pt_0.05	Shizhong_C+T	0.05	Shizhong_MDD_Pt_0.4	Shizhong_C+T	0.4	119	0.888532183418181	0.874989317761003	0.470172547562691
MDD	Shizhong_MDD_Pt_0.05	Shizhong_C+T	0.05	Shizhong_MDD_Pt_0.5	Shizhong_C+T	0.5	119	0.883818406433223	0.868366329582681	0.480010994987513
MDD	Shizhong_MDD_Pt_0.05	Shizhong_C+T	0.05	Shizhong_MDD_Pt_0.6	Shizhong_C+T	0.6	119	0.882956504374762	0.86786782509614	0.481788204169573
MDD	Shizhong_MDD_Pt_0.05	Shizhong_C+T	0.05	Shizhong_MDD_Pt_0.7	Shizhong_C+T	0.7	119	0.884886722653583	0.868900441532545	0.477798993053189
MDD	Shizhong_MDD_Pt_0.05	Shizhong_C+T	0.05	Shizhong_MDD_Pt_0.8	Shizhong_C+T	0.8	119	0.886058407670517	0.869883207520296	0.475361125791679
MDD	Shizhong_MDD_Pt_0.05	Shizhong_C+T	0.05	Shizhong_MDD_Pt_0.9	Shizhong_C+T	0.9	119	0.886371751040228	0.870887337986042	0.474707045923728
MDD	Shizhong_MDD_Pt_0.05	Shizhong_C+T	0.05	Shizhong_MDD_Pt_1	Shizhong_C+T	1	119	0.886395180546274	0.869626833784361	0.474658102438745
MDD	Shizhong_MDD_Pt_0.05	Shizhong_C+T	0.05	PRSice_MDD_Pt_5e-08	PRSice_C+T	5e-08	119	0.389225563115176	0.331469876086028	1.10058337130058
MDD	Shizhong_MDD_Pt_0.05	Shizhong_C+T	0.05	PRSice_MDD_Pt_1e-06	PRSice_C+T	1e-06	119	0.452885730704396	0.414990742059536	1.04164933676738
MDD	Shizhong_MDD_Pt_0.05	Shizhong_C+T	0.05	PRSice_MDD_Pt_0.0001	PRSice_C+T	1e-04	119	0.553866855413004	0.560390257798035	0.940621205975345
MDD	Shizhong_MDD_Pt_0.05	Shizhong_C+T	0.05	PRSice_MDD_Pt_0.001	PRSice_C+T	0.001	119	0.641031026651936	0.63758011679248	0.843744543512481
MDD	Shizhong_MDD_Pt_0.05	Shizhong_C+T	0.05	PRSice_MDD_Pt_0.01	PRSice_C+T	0.01	119	0.790710242872381	0.783805725680103	0.644253086407454
MDD	Shizhong_MDD_Pt_0.05	Shizhong_C+T	0.05	PRSice_MDD_Pt_0.05	PRSice_C+T	0.05	119	0.917415283794127	0.917753881213503	0.404699214217323
MDD	Shizhong_MDD_Pt_0.05	Shizhong_C+T	0.05	PRSice_MDD_Pt_0.1	PRSice_C+T	0.1	119	0.900149973971802	0.886946303945307	0.444996517243049
MDD	Shizhong_MDD_Pt_0.05	Shizhong_C+T	0.05	PRSice_MDD_Pt_0.5	PRSice_C+T	0.5	119	0.860774919399439	0.852456914969378	0.525461933806917
MDD	Shizhong_MDD_Pt_0.05	Shizhong_C+T	0.05	PRSice_MDD_Pt_1	PRSice_C+T	1	119	0.865343374331893	0.852834354080615	0.516768918154298
MDD	Shizhong_MDD_Pt_0.05	Shizhong_C+T	0.05	GraphPred_MDD	GraphPred_bcftools	NA	119	0.768656677596848	0.75827517447657	0.677346677662706
MDD	Shizhong_MDD_Pt_0.1	Shizhong_C+T	0.1	Shizhong_MDD_Pt_0.2	Shizhong_C+T	0.2	119	0.956583241710294	0.930601053980915	0.293434529602054
MDD	Shizhong_MDD_Pt_0.1	Shizhong_C+T	0.1	Shizhong_MDD_Pt_0.3	Shizhong_C+T	0.3	119	0.940103744312841	0.914670274889617	0.34465323386684
MDD	Shizhong_MDD_Pt_0.1	Shizhong_C+T	0.1	Shizhong_MDD_Pt_0.4	Shizhong_C+T	0.4	119	0.938833812463271	0.917469021506908	0.348287771708368
MDD	Shizhong_MDD_Pt_0.1	Shizhong_C+T	0.1	Shizhong_MDD_Pt_0.5	Shizhong_C+T	0.5	119	0.93467856858236	0.912953995157385	0.35992363586154
MDD	Shizhong_MDD_Pt_0.1	Shizhong_C+T	0.1	Shizhong_MDD_Pt_0.6	Shizhong_C+T	0.6	119	0.935059892762156	0.912206238427575	0.358871542619283
MDD	Shizhong_MDD_Pt_0.1	Shizhong_C+T	0.1	Shizhong_MDD_Pt_0.7	Shizhong_C+T	0.7	119	0.936831102048862	0.91347386412192	0.353943687260893
MDD	Shizhong_MDD_Pt_0.1	Shizhong_C+T	0.1	Shizhong_MDD_Pt_0.8	Shizhong_C+T	0.8	119	0.938131056001952	0.915759863267341	0.350282848297279
MDD	Shizhong_MDD_Pt_0.1	Shizhong_C+T	0.1	Shizhong_MDD_Pt_0.9	Shizhong_C+T	0.9	119	0.938489363950378	0.916585956416465	0.349267060995923
MDD	Shizhong_MDD_Pt_0.1	Shizhong_C+T	0.1	Shizhong_MDD_Pt_1	Shizhong_C+T	1	119	0.938481226629451	0.916457769548498	0.349290162725616
MDD	Shizhong_MDD_Pt_0.1	Shizhong_C+T	0.1	PRSice_MDD_Pt_5e-08	PRSice_C+T	5e-08	119	0.335159612295191	0.296524711579547	1.14826259513274
MDD	Shizhong_MDD_Pt_0.1	Shizhong_C+T	0.1	PRSice_MDD_Pt_1e-06	PRSice_C+T	1e-06	119	0.3583785003028	0.334945164506481	1.12803344133835
MDD	Shizhong_MDD_Pt_0.1	Shizhong_C+T	0.1	PRSice_MDD_Pt_0.0001	PRSice_C+T	1e-04	119	0.470257089731009	0.488463181882923	1.02497930630261
MDD	Shizhong_MDD_Pt_0.1	Shizhong_C+T	0.1	PRSice_MDD_Pt_0.001	PRSice_C+T	0.001	119	0.576853512649908	0.581448511608033	0.916068375739734
MDD	Shizhong_MDD_Pt_0.1	Shizhong_C+T	0.1	PRSice_MDD_Pt_0.01	PRSice_C+T	0.01	119	0.730446736727855	0.740393106395101	0.731147194208211
MDD	Shizhong_MDD_Pt_0.1	Shizhong_C+T	0.1	PRSice_MDD_Pt_0.05	PRSice_C+T	0.05	119	0.864747816030293	0.870609599772112	0.517910438194041
MDD	Shizhong_MDD_Pt_0.1	Shizhong_C+T	0.1	PRSice_MDD_Pt_0.1	PRSice_C+T	0.1	119	0.914791399412877	0.911579547073067	0.411078002152212
MDD	Shizhong_MDD_Pt_0.1	Shizhong_C+T	0.1	PRSice_MDD_Pt_0.5	PRSice_C+T	0.5	119	0.896352525145158	0.886034752884205	0.453379504766566
MDD	Shizhong_MDD_Pt_0.1	Shizhong_C+T	0.1	PRSice_MDD_Pt_1	PRSice_C+T	1	119	0.899167798416041	0.882951146560319	0.447179767339454
MDD	Shizhong_MDD_Pt_0.1	Shizhong_C+T	0.1	GraphPred_MDD	GraphPred_bcftools	NA	119	0.781178112644348	0.770958552912691	0.658761030975739
MDD	Shizhong_MDD_Pt_0.2	Shizhong_C+T	0.2	Shizhong_MDD_Pt_0.3	Shizhong_C+T	0.3	119	0.982970656807766	0.979682381427147	0.18377290043926
MDD	Shizhong_MDD_Pt_0.2	Shizhong_C+T	0.2	Shizhong_MDD_Pt_0.4	Shizhong_C+T	0.4	119	0.978532264349698	0.97305227175616	0.206336300782889
MDD	Shizhong_MDD_Pt_0.2	Shizhong_C+T	0.2	Shizhong_MDD_Pt_0.5	Shizhong_C+T	0.5	119	0.974326030558502	0.968295114656032	0.225646722994742
MDD	Shizhong_MDD_Pt_0.2	Shizhong_C+T	0.2	Shizhong_MDD_Pt_0.6	Shizhong_C+T	0.6	119	0.97228498345845	0.965197265346817	0.234444523258196
MDD	Shizhong_MDD_Pt_0.2	Shizhong_C+T	0.2	Shizhong_MDD_Pt_0.7	Shizhong_C+T	0.7	119	0.971989692718227	0.964171770403077	0.23569016334295
MDD	Shizhong_MDD_Pt_0.2	Shizhong_C+T	0.2	Shizhong_MDD_Pt_0.8	Shizhong_C+T	0.8	119	0.972695146093741	0.963673265916536	0.232703250310025
MDD	Shizhong_MDD_Pt_0.2	Shizhong_C+T	0.2	Shizhong_MDD_Pt_0.9	Shizhong_C+T	0.9	119	0.972729148360067	0.964812704742914	0.232558314490921
MDD	Shizhong_MDD_Pt_0.2	Shizhong_C+T	0.2	Shizhong_MDD_Pt_1	Shizhong_C+T	1	119	0.972666367033633	0.964029340549779	0.23282585153583
MDD	Shizhong_MDD_Pt_0.2	Shizhong_C+T	0.2	PRSice_MDD_Pt_5e-08	PRSice_C+T	5e-08	119	0.304258399897441	0.262427004700185	1.17464465438231
MDD	Shizhong_MDD_Pt_0.2	Shizhong_C+T	0.2	PRSice_MDD_Pt_1e-06	PRSice_C+T	1e-06	119	0.334007713185555	0.293996581683521	1.14925690163311
MDD	Shizhong_MDD_Pt_0.2	Shizhong_C+T	0.2	PRSice_MDD_Pt_0.0001	PRSice_C+T	1e-04	119	0.442927945540781	0.457342258937473	1.05108589248515
MDD	Shizhong_MDD_Pt_0.2	Shizhong_C+T	0.2	PRSice_MDD_Pt_0.001	PRSice_C+T	0.001	119	0.522072605338136	0.521663580686512	0.973561706383388
MDD	Shizhong_MDD_Pt_0.2	Shizhong_C+T	0.2	PRSice_MDD_Pt_0.01	PRSice_C+T	0.01	119	0.671421461323637	0.671884346959123	0.807238966460124
MDD	Shizhong_MDD_Pt_0.2	Shizhong_C+T	0.2	PRSice_MDD_Pt_0.05	PRSice_C+T	0.05	119	0.828999577335736	0.836761145136021	0.582346021404023
MDD	Shizhong_MDD_Pt_0.2	Shizhong_C+T	0.2	PRSice_MDD_Pt_0.1	PRSice_C+T	0.1	119	0.876273066922647	0.866528984475146	0.495352825672071
MDD	Shizhong_MDD_Pt_0.2	Shizhong_C+T	0.2	PRSice_MDD_Pt_0.5	PRSice_C+T	0.5	119	0.913068973111777	0.909521435692921	0.415212027901961
MDD	Shizhong_MDD_Pt_0.2	Shizhong_C+T	0.2	PRSice_MDD_Pt_1	PRSice_C+T	1	119	0.912592897566629	0.905982053838485	0.416347424556811
MDD	Shizhong_MDD_Pt_0.2	Shizhong_C+T	0.2	GraphPred_MDD	GraphPred_bcftools	NA	119	0.768796984998042	0.750982765987751	0.67714124453167
MDD	Shizhong_MDD_Pt_0.3	Shizhong_C+T	0.3	Shizhong_MDD_Pt_0.4	Shizhong_C+T	0.4	119	0.992073928981395	0.989474433841333	0.125375160058073
MDD	Shizhong_MDD_Pt_0.3	Shizhong_C+T	0.3	Shizhong_MDD_Pt_0.5	Shizhong_C+T	0.5	119	0.990124316117545	0.987423443953853	0.139947811288823
MDD	Shizhong_MDD_Pt_0.3	Shizhong_C+T	0.3	Shizhong_MDD_Pt_0.6	Shizhong_C+T	0.6	119	0.987995075466329	0.984980771969805	0.154298689656784
MDD	Shizhong_MDD_Pt_0.3	Shizhong_C+T	0.3	Shizhong_MDD_Pt_0.7	Shizhong_C+T	0.7	119	0.988206298181468	0.983905426577411	0.15293524826253
MDD	Shizhong_MDD_Pt_0.3	Shizhong_C+T	0.3	Shizhong_MDD_Pt_0.8	Shizhong_C+T	0.8	119	0.988283070486534	0.983342828656887	0.152436661738024
MDD	Shizhong_MDD_Pt_0.3	Shizhong_C+T	0.3	Shizhong_MDD_Pt_0.9	Shizhong_C+T	0.9	119	0.988159232957292	0.983926791055405	0.153240104402545
MDD	Shizhong_MDD_Pt_0.3	Shizhong_C+T	0.3	Shizhong_MDD_Pt_1	Shizhong_C+T	1	119	0.988134407729661	0.983898305084746	0.153400661086739
MDD	Shizhong_MDD_Pt_0.3	Shizhong_C+T	0.3	PRSice_MDD_Pt_5e-08	PRSice_C+T	5e-08	119	0.315824624598387	0.262562313060818	1.16483990530809
MDD	Shizhong_MDD_Pt_0.3	Shizhong_C+T	0.3	PRSice_MDD_Pt_1e-06	PRSice_C+T	1e-06	119	0.330507294612552	0.27848597065945	1.15227315881829
MDD	Shizhong_MDD_Pt_0.3	Shizhong_C+T	0.3	PRSice_MDD_Pt_0.0001	PRSice_C+T	1e-04	119	0.422817247265142	0.434019370460049	1.06989016025178
MDD	Shizhong_MDD_Pt_0.3	Shizhong_C+T	0.3	PRSice_MDD_Pt_0.001	PRSice_C+T	0.001	119	0.49959106823149	0.487879219484404	0.996196581699441
MDD	Shizhong_MDD_Pt_0.3	Shizhong_C+T	0.3	PRSice_MDD_Pt_0.01	PRSice_C+T	0.01	119	0.652004822986339	0.652399943028059	0.830747672635993
MDD	Shizhong_MDD_Pt_0.3	Shizhong_C+T	0.3	PRSice_MDD_Pt_0.05	PRSice_C+T	0.05	119	0.816688451630039	0.822368608460333	0.602944632931386
MDD	Shizhong_MDD_Pt_0.3	Shizhong_C+T	0.3	PRSice_MDD_Pt_0.1	PRSice_C+T	0.1	119	0.869693969472541	0.863480985614585	0.508352283102111
MDD	Shizhong_MDD_Pt_0.3	Shizhong_C+T	0.3	PRSice_MDD_Pt_0.5	PRSice_C+T	0.5	119	0.926591719740998	0.924191710582538	0.381553152140838
MDD	Shizhong_MDD_Pt_0.3	Shizhong_C+T	0.3	PRSice_MDD_Pt_1	PRSice_C+T	1	119	0.927428874004275	0.924554906708446	0.379371281466593
MDD	Shizhong_MDD_Pt_0.3	Shizhong_C+T	0.3	GraphPred_MDD	GraphPred_bcftools	NA	119	0.749484294617325	0.735557612875659	0.704855348831039
MDD	Shizhong_MDD_Pt_0.4	Shizhong_C+T	0.4	Shizhong_MDD_Pt_0.5	Shizhong_C+T	0.5	119	0.996882122757217	0.995321179319185	0.0786343003235087
MDD	Shizhong_MDD_Pt_0.4	Shizhong_C+T	0.4	Shizhong_MDD_Pt_0.6	Shizhong_C+T	0.6	119	0.994333780563612	0.992194844039311	0.106005699346843
MDD	Shizhong_MDD_Pt_0.4	Shizhong_C+T	0.4	Shizhong_MDD_Pt_0.7	Shizhong_C+T	0.7	119	0.994078653929358	0.991703461045435	0.108365925086847
MDD	Shizhong_MDD_Pt_0.4	Shizhong_C+T	0.4	Shizhong_MDD_Pt_0.8	Shizhong_C+T	0.8	119	0.994082553593971	0.991276171485544	0.108330235535998
MDD	Shizhong_MDD_Pt_0.4	Shizhong_C+T	0.4	Shizhong_MDD_Pt_0.9	Shizhong_C+T	0.9	119	0.993998061061596	0.992073778664008	0.109100893458643
MDD	Shizhong_MDD_Pt_0.4	Shizhong_C+T	0.4	Shizhong_MDD_Pt_1	Shizhong_C+T	1	119	0.994008906242307	0.992209087024641	0.109002279168814
MDD	Shizhong_MDD_Pt_0.4	Shizhong_C+T	0.4	PRSice_MDD_Pt_5e-08	PRSice_C+T	5e-08	119	0.319622875705324	0.271677823671842	1.16160205704765
MDD	Shizhong_MDD_Pt_0.4	Shizhong_C+T	0.4	PRSice_MDD_Pt_1e-06	PRSice_C+T	1e-06	119	0.325918906041196	0.28084318473152	1.15621498602184
MDD	Shizhong_MDD_Pt_0.4	Shizhong_C+T	0.4	PRSice_MDD_Pt_0.0001	PRSice_C+T	1e-04	119	0.407496408755446	0.430088306509044	1.08399683529925
MDD	Shizhong_MDD_Pt_0.4	Shizhong_C+T	0.4	PRSice_MDD_Pt_0.001	PRSice_C+T	0.001	119	0.487785593124739	0.490499928785073	1.00787904445763
MDD	Shizhong_MDD_Pt_0.4	Shizhong_C+T	0.4	PRSice_MDD_Pt_0.01	PRSice_C+T	0.01	119	0.640423004809676	0.644687366472013	0.84445880866808
MDD	Shizhong_MDD_Pt_0.4	Shizhong_C+T	0.4	PRSice_MDD_Pt_0.05	PRSice_C+T	0.05	119	0.803918963107496	0.815973508047287	0.623591688666045
MDD	Shizhong_MDD_Pt_0.4	Shizhong_C+T	0.4	PRSice_MDD_Pt_0.1	PRSice_C+T	0.1	119	0.861021816739371	0.85804016521863	0.524995808302661
MDD	Shizhong_MDD_Pt_0.4	Shizhong_C+T	0.4	PRSice_MDD_Pt_0.5	PRSice_C+T	0.5	119	0.924672897499863	0.922454066372312	0.386507701446664
MDD	Shizhong_MDD_Pt_0.4	Shizhong_C+T	0.4	PRSice_MDD_Pt_1	PRSice_C+T	1	119	0.926500382692309	0.924035037743911	0.381790448976319
MDD	Shizhong_MDD_Pt_0.4	Shizhong_C+T	0.4	GraphPred_MDD	GraphPred_bcftools	NA	119	0.749892041563836	0.736611593790058	0.704281493277056
MDD	Shizhong_MDD_Pt_0.5	Shizhong_C+T	0.5	Shizhong_MDD_Pt_0.6	Shizhong_C+T	0.6	119	0.998290159656086	0.997101552485401	0.0582318115408159
MDD	Shizhong_MDD_Pt_0.5	Shizhong_C+T	0.5	Shizhong_MDD_Pt_0.7	Shizhong_C+T	0.7	119	0.997760256643744	0.997151402934055	0.0666471602322978
MDD	Shizhong_MDD_Pt_0.5	Shizhong_C+T	0.5	Shizhong_MDD_Pt_0.8	Shizhong_C+T	0.8	119	0.997595416733155	0.996738356359493	0.0690561609817766
MDD	Shizhong_MDD_Pt_0.5	Shizhong_C+T	0.5	Shizhong_MDD_Pt_0.9	Shizhong_C+T	0.9	119	0.997477361156609	0.996916393676115	0.0707310426566391
MDD	Shizhong_MDD_Pt_0.5	Shizhong_C+T	0.5	Shizhong_MDD_Pt_1	Shizhong_C+T	1	119	0.997472301437591	0.996752599344823	0.0708019406233958
MDD	Shizhong_MDD_Pt_0.5	Shizhong_C+T	0.5	PRSice_MDD_Pt_5e-08	PRSice_C+T	5e-08	119	0.324436224568417	0.281363053696055	1.15748586938705
MDD	Shizhong_MDD_Pt_0.5	Shizhong_C+T	0.5	PRSice_MDD_Pt_1e-06	PRSice_C+T	1e-06	119	0.327061625318003	0.284795613160518	1.15523454792257
MDD	Shizhong_MDD_Pt_0.5	Shizhong_C+T	0.5	PRSice_MDD_Pt_0.0001	PRSice_C+T	1e-04	119	0.410440336576024	0.431491240564022	1.0813004952723
MDD	Shizhong_MDD_Pt_0.5	Shizhong_C+T	0.5	PRSice_MDD_Pt_0.001	PRSice_C+T	0.001	119	0.481989415155934	0.481099558467455	1.01356554274435
MDD	Shizhong_MDD_Pt_0.5	Shizhong_C+T	0.5	PRSice_MDD_Pt_0.01	PRSice_C+T	0.01	119	0.632539676061272	0.634140435835351	0.853665534102074
MDD	Shizhong_MDD_Pt_0.5	Shizhong_C+T	0.5	PRSice_MDD_Pt_0.05	PRSice_C+T	0.05	119	0.798566411934131	0.809037174191711	0.632045676891195
MDD	Shizhong_MDD_Pt_0.5	Shizhong_C+T	0.5	PRSice_MDD_Pt_0.1	PRSice_C+T	0.1	119	0.855425465352093	0.855049138299388	0.535461712155112
MDD	Shizhong_MDD_Pt_0.5	Shizhong_C+T	0.5	PRSice_MDD_Pt_0.5	PRSice_C+T	0.5	119	0.9250857251008	0.923678963110668	0.385447125238619
MDD	Shizhong_MDD_Pt_0.5	Shizhong_C+T	0.5	PRSice_MDD_Pt_1	PRSice_C+T	1	119	0.926573445257848	0.923942458339268	0.381600641693301
MDD	Shizhong_MDD_Pt_0.5	Shizhong_C+T	0.5	GraphPred_MDD	GraphPred_bcftools	NA	119	0.743681173962001	0.733926791055405	0.712972490806474
MDD	Shizhong_MDD_Pt_0.6	Shizhong_C+T	0.6	Shizhong_MDD_Pt_0.7	Shizhong_C+T	0.7	119	0.998996661232583	0.998611308930352	0.0446073390644148
MDD	Shizhong_MDD_Pt_0.6	Shizhong_C+T	0.6	Shizhong_MDD_Pt_0.8	Shizhong_C+T	0.8	119	0.998790721823783	0.998191140863125	0.048971750524895
MDD	Shizhong_MDD_Pt_0.6	Shizhong_C+T	0.6	Shizhong_MDD_Pt_0.9	Shizhong_C+T	0.9	119	0.998714235468749	0.998276598775104	0.0504967283552355
MDD	Shizhong_MDD_Pt_0.6	Shizhong_C+T	0.6	Shizhong_MDD_Pt_1	Shizhong_C+T	1	119	0.998694968350178	0.998205383848455	0.05087366700569
MDD	Shizhong_MDD_Pt_0.6	Shizhong_C+T	0.6	PRSice_MDD_Pt_5e-08	PRSice_C+T	5e-08	119	0.32030726985876	0.276983335707164	1.16101767990553
MDD	Shizhong_MDD_Pt_0.6	Shizhong_C+T	0.6	PRSice_MDD_Pt_1e-06	PRSice_C+T	1e-06	119	0.325351554392879	0.281861558182595	1.1567014575405
MDD	Shizhong_MDD_Pt_0.6	Shizhong_C+T	0.6	PRSice_MDD_Pt_0.0001	PRSice_C+T	1e-04	119	0.410172811082098	0.437245406637231	1.08154579923237
MDD	Shizhong_MDD_Pt_0.6	Shizhong_C+T	0.6	PRSice_MDD_Pt_0.001	PRSice_C+T	0.001	119	0.478338664464342	0.480131035465034	1.01713089308474
MDD	Shizhong_MDD_Pt_0.6	Shizhong_C+T	0.6	PRSice_MDD_Pt_0.01	PRSice_C+T	0.01	119	0.629255427531146	0.632260361771828	0.857471949232011
MDD	Shizhong_MDD_Pt_0.6	Shizhong_C+T	0.6	PRSice_MDD_Pt_0.05	PRSice_C+T	0.05	119	0.796470624627996	0.805333998005982	0.635325183644604
MDD	Shizhong_MDD_Pt_0.6	Shizhong_C+T	0.6	PRSice_MDD_Pt_0.1	PRSice_C+T	0.1	119	0.85486392025892	0.851481270474292	0.536500603576335
MDD	Shizhong_MDD_Pt_0.6	Shizhong_C+T	0.6	PRSice_MDD_Pt_0.5	PRSice_C+T	0.5	119	0.923778197530708	0.920538384845464	0.388796304305509
MDD	Shizhong_MDD_Pt_0.6	Shizhong_C+T	0.6	PRSice_MDD_Pt_1	PRSice_C+T	1	119	0.926731903960155	0.923978065802592	0.381188661305122
MDD	Shizhong_MDD_Pt_0.6	Shizhong_C+T	0.6	GraphPred_MDD	GraphPred_bcftools	NA	119	0.740465041122834	0.728720979917391	0.717431519848663
MDD	Shizhong_MDD_Pt_0.7	Shizhong_C+T	0.7	Shizhong_MDD_Pt_0.8	Shizhong_C+T	0.8	119	0.999678541050994	0.999330579689503	0.0252490638757366
MDD	Shizhong_MDD_Pt_0.7	Shizhong_C+T	0.7	Shizhong_MDD_Pt_0.9	Shizhong_C+T	0.9	119	0.999573365702995	0.999138299387552	0.0290877683862075
MDD	Shizhong_MDD_Pt_0.7	Shizhong_C+T	0.7	Shizhong_MDD_Pt_1	Shizhong_C+T	1	119	0.999535288937151	0.999002991026919	0.0303580608032482
MDD	Shizhong_MDD_Pt_0.7	Shizhong_C+T	0.7	PRSice_MDD_Pt_5e-08	PRSice_C+T	5e-08	119	0.32579968250465	0.283634809856146	1.15631723035578
MDD	Shizhong_MDD_Pt_0.7	Shizhong_C+T	0.7	PRSice_MDD_Pt_1e-06	PRSice_C+T	1e-06	119	0.329517138558797	0.285208659735081	1.15312492964223
MDD	Shizhong_MDD_Pt_0.7	Shizhong_C+T	0.7	PRSice_MDD_Pt_0.0001	PRSice_C+T	1e-04	119	0.414740609590943	0.440471442814414	1.07734975218929
MDD	Shizhong_MDD_Pt_0.7	Shizhong_C+T	0.7	PRSice_MDD_Pt_0.001	PRSice_C+T	0.001	119	0.482499022390639	0.481476997578693	1.01306685850279
MDD	Shizhong_MDD_Pt_0.7	Shizhong_C+T	0.7	PRSice_MDD_Pt_0.01	PRSice_C+T	0.01	119	0.632938178718893	0.633748753738784	0.853202517765973
MDD	Shizhong_MDD_Pt_0.7	Shizhong_C+T	0.7	PRSice_MDD_Pt_0.05	PRSice_C+T	0.05	119	0.801562710050211	0.807256801025495	0.627327266581185
MDD	Shizhong_MDD_Pt_0.7	Shizhong_C+T	0.7	PRSice_MDD_Pt_0.1	PRSice_C+T	0.1	119	0.859248888607843	0.853582110810426	0.528333850786571
MDD	Shizhong_MDD_Pt_0.7	Shizhong_C+T	0.7	PRSice_MDD_Pt_0.5	PRSice_C+T	0.5	119	0.926899721201877	0.922133599202393	0.380751863399237
MDD	Shizhong_MDD_Pt_0.7	Shizhong_C+T	0.7	PRSice_MDD_Pt_1	PRSice_C+T	1	119	0.930813276719232	0.926021934197408	0.37041955198071
MDD	Shizhong_MDD_Pt_0.7	Shizhong_C+T	0.7	GraphPred_MDD	GraphPred_bcftools	NA	119	0.744180442962636	0.731555333998006	0.712277772867551
MDD	Shizhong_MDD_Pt_0.8	Shizhong_C+T	0.8	Shizhong_MDD_Pt_0.9	Shizhong_C+T	0.9	119	0.999883012300527	0.999544224469449	0.0152318488412742
MDD	Shizhong_MDD_Pt_0.8	Shizhong_C+T	0.8	Shizhong_MDD_Pt_1	Shizhong_C+T	1	119	0.99986442662933	0.999444523572141	0.0163972008981699
MDD	Shizhong_MDD_Pt_0.8	Shizhong_C+T	0.8	PRSice_MDD_Pt_5e-08	PRSice_C+T	5e-08	119	0.327011001252027	0.286340977068794	1.15527800031905
MDD	Shizhong_MDD_Pt_0.8	Shizhong_C+T	0.8	PRSice_MDD_Pt_1e-06	PRSice_C+T	1e-06	119	0.330131286771488	0.286390827517448	1.15259668954743
MDD	Shizhong_MDD_Pt_0.8	Shizhong_C+T	0.8	PRSice_MDD_Pt_0.0001	PRSice_C+T	1e-04	119	0.415236488806462	0.439488676826663	1.07689324643428
MDD	Shizhong_MDD_Pt_0.8	Shizhong_C+T	0.8	PRSice_MDD_Pt_0.001	PRSice_C+T	0.001	119	0.483537925035489	0.483349950149551	1.01204946275153
MDD	Shizhong_MDD_Pt_0.8	Shizhong_C+T	0.8	PRSice_MDD_Pt_0.01	PRSice_C+T	0.01	119	0.633393454830681	0.633819968665432	0.852673229202123
MDD	Shizhong_MDD_Pt_0.8	Shizhong_C+T	0.8	PRSice_MDD_Pt_0.05	PRSice_C+T	0.05	119	0.800873540156486	0.806922090870247	0.628415671746321
MDD	Shizhong_MDD_Pt_0.8	Shizhong_C+T	0.8	PRSice_MDD_Pt_0.1	PRSice_C+T	0.1	119	0.858737608228083	0.852898447514599	0.529292570984072
MDD	Shizhong_MDD_Pt_0.8	Shizhong_C+T	0.8	PRSice_MDD_Pt_0.5	PRSice_C+T	0.5	119	0.926609581867796	0.92070930066942	0.38150672845813
MDD	Shizhong_MDD_Pt_0.8	Shizhong_C+T	0.8	PRSice_MDD_Pt_1	PRSice_C+T	1	119	0.9305371260142	0.92485400940037	0.371158058933568
MDD	Shizhong_MDD_Pt_0.8	Shizhong_C+T	0.8	GraphPred_MDD	GraphPred_bcftools	NA	119	0.744171519479262	0.730615296966244	0.712290195575789
MDD	Shizhong_MDD_Pt_0.9	Shizhong_C+T	0.9	Shizhong_MDD_Pt_1	Shizhong_C+T	1	119	0.999989050597042	0.999864691639368	0.0046599122671871
MDD	Shizhong_MDD_Pt_0.9	Shizhong_C+T	0.9	PRSice_MDD_Pt_5e-08	PRSice_C+T	5e-08	119	0.327122773410371	0.282018231021222	1.15518206020877
MDD	Shizhong_MDD_Pt_0.9	Shizhong_C+T	0.9	PRSice_MDD_Pt_1e-06	PRSice_C+T	1e-06	119	0.33038787353325	0.283179034325595	1.15237592287184
MDD	Shizhong_MDD_Pt_0.9	Shizhong_C+T	0.9	PRSice_MDD_Pt_0.0001	PRSice_C+T	1e-04	119	0.415666150200222	0.437501780373166	1.07649754418119
MDD	Shizhong_MDD_Pt_0.9	Shizhong_C+T	0.9	PRSice_MDD_Pt_0.001	PRSice_C+T	0.001	119	0.4828710772457	0.480999857570147	1.01270262323614
MDD	Shizhong_MDD_Pt_0.9	Shizhong_C+T	0.9	PRSice_MDD_Pt_0.01	PRSice_C+T	0.01	119	0.633185748537359	0.632481128044438	0.852914742235441
MDD	Shizhong_MDD_Pt_0.9	Shizhong_C+T	0.9	PRSice_MDD_Pt_0.05	PRSice_C+T	0.05	119	0.801685771938043	0.808510183734511	0.627132716326917
MDD	Shizhong_MDD_Pt_0.9	Shizhong_C+T	0.9	PRSice_MDD_Pt_0.1	PRSice_C+T	0.1	119	0.859831032521515	0.854344110525566	0.527240129344253
MDD	Shizhong_MDD_Pt_0.9	Shizhong_C+T	0.9	PRSice_MDD_Pt_0.5	PRSice_C+T	0.5	119	0.927272591124926	0.920773394103404	0.379779552315932
MDD	Shizhong_MDD_Pt_0.9	Shizhong_C+T	0.9	PRSice_MDD_Pt_1	PRSice_C+T	1	119	0.931101003459128	0.924220196553198	0.369648517856255
MDD	Shizhong_MDD_Pt_0.9	Shizhong_C+T	0.9	GraphPred_MDD	GraphPred_bcftools	NA	119	0.742811869013873	0.727958980202251	0.714180490055454
MDD	Shizhong_MDD_Pt_1	Shizhong_C+T	1	PRSice_MDD_Pt_5e-08	PRSice_C+T	5e-08	119	0.326875547695997	0.280572568010255	1.15539425678116
MDD	Shizhong_MDD_Pt_1	Shizhong_C+T	1	PRSice_MDD_Pt_1e-06	PRSice_C+T	1e-06	119	0.330114780375342	0.281021222048141	1.15261089016614
MDD	Shizhong_MDD_Pt_1	Shizhong_C+T	1	PRSice_MDD_Pt_0.0001	PRSice_C+T	1e-04	119	0.4156113501989	0.436590229312064	1.07654802104799
MDD	Shizhong_MDD_Pt_1	Shizhong_C+T	1	PRSice_MDD_Pt_0.001	PRSice_C+T	0.001	119	0.482724143340782	0.48081469876086	1.01284648463714
MDD	Shizhong_MDD_Pt_1	Shizhong_C+T	1	PRSice_MDD_Pt_0.01	PRSice_C+T	0.01	119	0.632852804498049	0.631291838769406	0.853301734384168
MDD	Shizhong_MDD_Pt_1	Shizhong_C+T	1	PRSice_MDD_Pt_0.05	PRSice_C+T	0.05	119	0.80148063342585	0.807484688790771	0.627456989128241
MDD	Shizhong_MDD_Pt_1	Shizhong_C+T	1	PRSice_MDD_Pt_0.1	PRSice_C+T	0.1	119	0.85960894173478	0.854436689930209	0.527657656957758
MDD	Shizhong_MDD_Pt_1	Shizhong_C+T	1	PRSice_MDD_Pt_0.5	PRSice_C+T	0.5	119	0.926863535665392	0.920581113801453	0.380846090165942
MDD	Shizhong_MDD_Pt_1	Shizhong_C+T	1	PRSice_MDD_Pt_1	PRSice_C+T	1	119	0.930741958627776	0.924141860133884	0.370610418160521
MDD	Shizhong_MDD_Pt_1	Shizhong_C+T	1	GraphPred_MDD	GraphPred_bcftools	NA	119	0.742874203471431	0.726912120780516	0.714093937167005
MDD	PRSice_MDD_Pt_5e-08	PRSice_C+T	5e-08	PRSice_MDD_Pt_1e-06	PRSice_C+T	1e-06	119	0.896447278454349	0.859642501068224	0.453172220261333
MDD	PRSice_MDD_Pt_5e-08	PRSice_C+T	5e-08	PRSice_MDD_Pt_0.0001	PRSice_C+T	1e-04	119	0.741450817585514	0.695541945591796	0.716067734518631
MDD	PRSice_MDD_Pt_5e-08	PRSice_C+T	5e-08	PRSice_MDD_Pt_0.001	PRSice_C+T	0.001	119	0.624231252817446	0.565524854009401	0.863262447483956
MDD	PRSice_MDD_Pt_5e-08	PRSice_C+T	5e-08	PRSice_MDD_Pt_0.01	PRSice_C+T	0.01	119	0.576226392390348	0.53159094146133	0.916746949661279
MDD	PRSice_MDD_Pt_5e-08	PRSice_C+T	5e-08	PRSice_MDD_Pt_0.05	PRSice_C+T	0.05	119	0.474949296612742	0.419363338555761	1.0204298237532
MDD	PRSice_MDD_Pt_5e-08	PRSice_C+T	5e-08	PRSice_MDD_Pt_0.1	PRSice_C+T	0.1	119	0.440947638692195	0.406665717134311	1.0529524607552
MDD	PRSice_MDD_Pt_5e-08	PRSice_C+T	5e-08	PRSice_MDD_Pt_0.5	PRSice_C+T	0.5	119	0.397279186135708	0.357961828799316	1.09330319040559
MDD	PRSice_MDD_Pt_5e-08	PRSice_C+T	5e-08	PRSice_MDD_Pt_1	PRSice_C+T	1	119	0.402087581642421	0.35568295114656	1.08893337193213
MDD	PRSice_MDD_Pt_5e-08	PRSice_C+T	5e-08	GraphPred_MDD	GraphPred_bcftools	NA	119	0.430479266458807	0.39455205811138	1.06276511518213
MDD	PRSice_MDD_Pt_1e-06	PRSice_C+T	1e-06	PRSice_MDD_Pt_0.0001	PRSice_C+T	1e-04	119	0.852197368553734	0.83084318473152	0.541406672523621
MDD	PRSice_MDD_Pt_1e-06	PRSice_C+T	1e-06	PRSice_MDD_Pt_0.001	PRSice_C+T	0.001	119	0.699787361880204	0.676648625551916	0.771608505450113
MDD	PRSice_MDD_Pt_1e-06	PRSice_C+T	1e-06	PRSice_MDD_Pt_0.01	PRSice_C+T	0.01	119	0.633839679267801	0.616464891041162	0.85215414479665
MDD	PRSice_MDD_Pt_1e-06	PRSice_C+T	1e-06	PRSice_MDD_Pt_0.05	PRSice_C+T	0.05	119	0.544871031179586	0.507028913260219	0.950057214737144
MDD	PRSice_MDD_Pt_1e-06	PRSice_C+T	1e-06	PRSice_MDD_Pt_0.1	PRSice_C+T	0.1	119	0.501073275610062	0.476135878080046	0.994720124296722
MDD	PRSice_MDD_Pt_1e-06	PRSice_C+T	1e-06	PRSice_MDD_Pt_0.5	PRSice_C+T	0.5	119	0.442743352993933	0.414292835778379	1.05126002305769
MDD	PRSice_MDD_Pt_1e-06	PRSice_C+T	1e-06	PRSice_MDD_Pt_1	PRSice_C+T	1	119	0.44361609776573	0.408723828514457	1.05043648761599
MDD	PRSice_MDD_Pt_1e-06	PRSice_C+T	1e-06	GraphPred_MDD	GraphPred_bcftools	NA	119	0.501513264263762	0.483314342686227	0.994281420494607
MDD	PRSice_MDD_Pt_0.0001	PRSice_C+T	1e-04	PRSice_MDD_Pt_0.001	PRSice_C+T	0.001	119	0.861447081976366	0.839972938327874	0.524191964433148
MDD	PRSice_MDD_Pt_0.0001	PRSice_C+T	1e-04	PRSice_MDD_Pt_0.01	PRSice_C+T	0.01	119	0.757798308468477	0.751338840620994	0.693060434881874
MDD	PRSice_MDD_Pt_0.0001	PRSice_C+T	1e-04	PRSice_MDD_Pt_0.05	PRSice_C+T	0.05	119	0.655270965054329	0.660055547642786	0.826839951017208
MDD	PRSice_MDD_Pt_0.0001	PRSice_C+T	1e-04	PRSice_MDD_Pt_0.1	PRSice_C+T	0.1	119	0.611277779886748	0.625972083748754	0.878015542954667
MDD	PRSice_MDD_Pt_0.0001	PRSice_C+T	1e-04	PRSice_MDD_Pt_0.5	PRSice_C+T	0.5	119	0.52491853897233	0.5326306793904	0.970658724622165
MDD	PRSice_MDD_Pt_0.0001	PRSice_C+T	1e-04	PRSice_MDD_Pt_1	PRSice_C+T	1	119	0.525754873248329	0.529354792764564	0.96980397357991
MDD	PRSice_MDD_Pt_0.0001	PRSice_C+T	1e-04	GraphPred_MDD	GraphPred_bcftools	NA	119	0.615219317536642	0.615638797892038	0.873552781862917
MDD	PRSice_MDD_Pt_0.001	PRSice_C+T	0.001	PRSice_MDD_Pt_0.01	PRSice_C+T	0.01	119	0.8545789943941	0.850747756729811	0.537026964590621
MDD	PRSice_MDD_Pt_0.001	PRSice_C+T	0.001	PRSice_MDD_Pt_0.05	PRSice_C+T	0.05	119	0.742530057244192	0.739780658025922	0.714571661614807
MDD	PRSice_MDD_Pt_0.001	PRSice_C+T	0.001	PRSice_MDD_Pt_0.1	PRSice_C+T	0.1	119	0.694649509196694	0.695050562597921	0.778183166474776
MDD	PRSice_MDD_Pt_0.001	PRSice_C+T	0.001	PRSice_MDD_Pt_0.5	PRSice_C+T	0.5	119	0.587367619378586	0.579653895456488	0.904615809749747
MDD	PRSice_MDD_Pt_0.001	PRSice_C+T	0.001	PRSice_MDD_Pt_1	PRSice_C+T	1	119	0.594121210293588	0.583314342686227	0.897182304299885
MDD	PRSice_MDD_Pt_0.001	PRSice_C+T	0.001	GraphPred_MDD	GraphPred_bcftools	NA	119	0.705639534523658	0.700740635237146	0.764050846631817
MDD	PRSice_MDD_Pt_0.01	PRSice_C+T	0.01	PRSice_MDD_Pt_0.05	PRSice_C+T	0.05	119	0.896543849871264	0.886248397664151	0.452960860816671
MDD	PRSice_MDD_Pt_0.01	PRSice_C+T	0.01	PRSice_MDD_Pt_0.1	PRSice_C+T	0.1	119	0.840907831243338	0.8339481555334	0.561703230853293
MDD	PRSice_MDD_Pt_0.01	PRSice_C+T	0.01	PRSice_MDD_Pt_0.5	PRSice_C+T	0.5	119	0.742351338630102	0.727054550633813	0.714819622797906
MDD	PRSice_MDD_Pt_0.01	PRSice_C+T	0.01	PRSice_MDD_Pt_1	PRSice_C+T	1	119	0.743979821856525	0.728991596638656	0.71255701256116
MDD	PRSice_MDD_Pt_0.01	PRSice_C+T	0.01	GraphPred_MDD	GraphPred_bcftools	NA	119	0.765778230100197	0.745776954849737	0.681547532799551
MDD	PRSice_MDD_Pt_0.05	PRSice_C+T	0.05	PRSice_MDD_Pt_0.1	PRSice_C+T	0.1	119	0.960608698245344	0.952820111095286	0.279500563191491
MDD	PRSice_MDD_Pt_0.05	PRSice_C+T	0.05	PRSice_MDD_Pt_0.5	PRSice_C+T	0.5	119	0.885736606991398	0.884760005697194	0.476031924199834
MDD	PRSice_MDD_Pt_0.05	PRSice_C+T	0.05	PRSice_MDD_Pt_1	PRSice_C+T	1	119	0.884251893222061	0.879034325594645	0.479114670223608
MDD	PRSice_MDD_Pt_0.05	PRSice_C+T	0.05	GraphPred_MDD	GraphPred_bcftools	NA	119	0.793336057566216	0.779497222617861	0.640198829503189
MDD	PRSice_MDD_Pt_0.1	PRSice_C+T	0.1	PRSice_MDD_Pt_0.5	PRSice_C+T	0.5	119	0.933629842809678	0.933022361486968	0.362801391334041
MDD	PRSice_MDD_Pt_0.1	PRSice_C+T	0.1	PRSice_MDD_Pt_1	PRSice_C+T	1	119	0.93184938685113	0.923337131462755	0.367635468693454
MDD	PRSice_MDD_Pt_0.1	PRSice_C+T	0.1	GraphPred_MDD	GraphPred_bcftools	NA	119	0.796250755374057	0.776605896595927	0.635668256403722
MDD	PRSice_MDD_Pt_0.5	PRSice_C+T	0.5	PRSice_MDD_Pt_1	PRSice_C+T	1	119	0.996002513496884	0.994281441390116	0.0890381286816032
MDD	PRSice_MDD_Pt_0.5	PRSice_C+T	0.5	GraphPred_MDD	GraphPred_bcftools	NA	119	0.797308431850847	0.777090158097137	0.634016210613741
MDD	PRSice_MDD_Pt_1	PRSice_C+T	1	GraphPred_MDD	GraphPred_bcftools	NA	119	0.797014790551473	0.776356644352656	0.634475297211694
SCZD	Shizhong_SCZD_Pt_1e-08	Shizhong_C+T	1e-08	Shizhong_SCZD_Pt_1e-07	Shizhong_C+T	1e-07	119	0.94100284991274	0.921100982765988	0.342056649450874
SCZD	Shizhong_SCZD_Pt_1e-08	Shizhong_C+T	1e-08	Shizhong_SCZD_Pt_1e-06	Shizhong_C+T	1e-06	119	0.887283062140612	0.867362199116935	0.472799612311401
SCZD	Shizhong_SCZD_Pt_1e-08	Shizhong_C+T	1e-08	Shizhong_SCZD_Pt_1e-05	Shizhong_C+T	1e-05	119	0.793130580675644	0.747016094573423	0.640517011238014
SCZD	Shizhong_SCZD_Pt_1e-08	Shizhong_C+T	1e-08	Shizhong_SCZD_Pt_1e-04	Shizhong_C+T	1e-04	119	0.68058973150303	0.607712576556046	0.795897164957425
SCZD	Shizhong_SCZD_Pt_1e-08	Shizhong_C+T	1e-08	Shizhong_SCZD_Pt_0.001	Shizhong_C+T	0.001	119	0.63941961718271	0.592579404643213	0.845636204956628
SCZD	Shizhong_SCZD_Pt_1e-08	Shizhong_C+T	1e-08	Shizhong_SCZD_Pt_0.01	Shizhong_C+T	0.01	119	0.434502994953936	0.402962540948583	1.05900418259175
SCZD	Shizhong_SCZD_Pt_1e-08	Shizhong_C+T	1e-08	Shizhong_SCZD_Pt_0.05	Shizhong_C+T	0.05	119	0.400958182394498	0.416977638513032	1.08996133211383
SCZD	Shizhong_SCZD_Pt_1e-08	Shizhong_C+T	1e-08	Shizhong_SCZD_Pt_0.1	Shizhong_C+T	0.1	119	0.353135451790557	0.371639317119442	1.13263296055683
SCZD	Shizhong_SCZD_Pt_1e-08	Shizhong_C+T	1e-08	Shizhong_SCZD_Pt_0.2	Shizhong_C+T	0.2	119	0.309386022965592	0.319876086027631	1.17030807758966
SCZD	Shizhong_SCZD_Pt_1e-08	Shizhong_C+T	1e-08	Shizhong_SCZD_Pt_0.3	Shizhong_C+T	0.3	119	0.312144988465501	0.320623842757442	1.16796807946101
SCZD	Shizhong_SCZD_Pt_1e-08	Shizhong_C+T	1e-08	Shizhong_SCZD_Pt_0.4	Shizhong_C+T	0.4	119	0.309043450265526	0.299116934909557	1.17059830187275
SCZD	Shizhong_SCZD_Pt_1e-08	Shizhong_C+T	1e-08	Shizhong_SCZD_Pt_0.5	Shizhong_C+T	0.5	119	0.314746384295893	0.301851588092864	1.16575742070012
SCZD	Shizhong_SCZD_Pt_1e-08	Shizhong_C+T	1e-08	Shizhong_SCZD_Pt_0.6	Shizhong_C+T	0.6	119	0.31433916039827	0.30328764879714	1.16610375508079
SCZD	Shizhong_SCZD_Pt_1e-08	Shizhong_C+T	1e-08	Shizhong_SCZD_Pt_0.7	Shizhong_C+T	0.7	119	0.308784298755928	0.300799749329301	1.17081780473266
SCZD	Shizhong_SCZD_Pt_1e-08	Shizhong_C+T	1e-08	Shizhong_SCZD_Pt_0.8	Shizhong_C+T	0.8	119	0.308833554864431	0.291718742769058	1.17077608768532
SCZD	Shizhong_SCZD_Pt_1e-08	Shizhong_C+T	1e-08	Shizhong_SCZD_Pt_0.9	Shizhong_C+T	0.9	119	0.310972628167372	0.294658880501353	1.1689629813222
SCZD	Shizhong_SCZD_Pt_1e-08	Shizhong_C+T	1e-08	Shizhong_SCZD_Pt_1	Shizhong_C+T	1	119	0.311032603467838	0.295029198119926	1.16891210494587
SCZD	Shizhong_SCZD_Pt_1e-08	Shizhong_C+T	1e-08	PRSice_SCZD_Pt_5e-08	PRSice_C+T	5e-08	119	0.918088465810351	0.911116650049851	0.403046404200727
SCZD	Shizhong_SCZD_Pt_1e-08	Shizhong_C+T	1e-08	PRSice_SCZD_Pt_1e-06	PRSice_C+T	1e-06	119	0.896847366213101	0.859443099273608	0.452295931733963
SCZD	Shizhong_SCZD_Pt_1e-08	Shizhong_C+T	1e-08	PRSice_SCZD_Pt_0.0001	PRSice_C+T	1e-04	119	0.787633987320795	0.697073066514742	0.648970606942045
SCZD	Shizhong_SCZD_Pt_1e-08	Shizhong_C+T	1e-08	PRSice_SCZD_Pt_0.001	PRSice_C+T	0.001	119	0.702159488632337	0.619690927218345	0.768554031838489
SCZD	Shizhong_SCZD_Pt_1e-08	Shizhong_C+T	1e-08	PRSice_SCZD_Pt_0.01	PRSice_C+T	0.01	119	0.540844948747946	0.488099985757015	0.954250077750285
SCZD	Shizhong_SCZD_Pt_1e-08	Shizhong_C+T	1e-08	PRSice_SCZD_Pt_0.05	PRSice_C+T	0.05	119	0.51219099343948	0.502585101837345	0.983574878909859
SCZD	Shizhong_SCZD_Pt_1e-08	Shizhong_C+T	1e-08	PRSice_SCZD_Pt_0.1	PRSice_C+T	0.1	119	0.463070846478352	0.438213929639653	1.03190808101128
SCZD	Shizhong_SCZD_Pt_1e-08	Shizhong_C+T	1e-08	PRSice_SCZD_Pt_0.5	PRSice_C+T	0.5	119	0.405951335573225	0.393960974220197	1.08540928579348
SCZD	Shizhong_SCZD_Pt_1e-08	Shizhong_C+T	1e-08	PRSice_SCZD_Pt_1	PRSice_C+T	1	119	0.398316956129352	0.38963110667996	1.09236155538184
SCZD	Shizhong_SCZD_Pt_1e-08	Shizhong_C+T	1e-08	GraphPred_SCZD	GraphPred_bcftools	NA	119	0.625479905691633	0.593426862270332	0.861826974079024
SCZD	Shizhong_SCZD_Pt_1e-07	Shizhong_C+T	1e-07	Shizhong_SCZD_Pt_1e-06	Shizhong_C+T	1e-06	119	0.9306980213264	0.908146987608603	0.370727957146246
SCZD	Shizhong_SCZD_Pt_1e-07	Shizhong_C+T	1e-07	Shizhong_SCZD_Pt_1e-05	Shizhong_C+T	1e-05	119	0.858818564865076	0.813424013673266	0.529140882034916
SCZD	Shizhong_SCZD_Pt_1e-07	Shizhong_C+T	1e-07	Shizhong_SCZD_Pt_1e-04	Shizhong_C+T	1e-04	119	0.726711924399098	0.670602478279448	0.736194997470743
SCZD	Shizhong_SCZD_Pt_1e-07	Shizhong_C+T	1e-07	Shizhong_SCZD_Pt_0.001	Shizhong_C+T	0.001	119	0.687976410402512	0.649586953425438	0.786640378605218
SCZD	Shizhong_SCZD_Pt_1e-07	Shizhong_C+T	1e-07	Shizhong_SCZD_Pt_0.01	Shizhong_C+T	0.01	119	0.489104940972319	0.48055120353226	1.0065801738933
SCZD	Shizhong_SCZD_Pt_1e-07	Shizhong_C+T	1e-07	Shizhong_SCZD_Pt_0.05	Shizhong_C+T	0.05	119	0.454351828482023	0.478557185586099	1.04025275079254
SCZD	Shizhong_SCZD_Pt_1e-07	Shizhong_C+T	1e-07	Shizhong_SCZD_Pt_0.1	Shizhong_C+T	0.1	119	0.417546750301174	0.443185520556037	1.0747638666938
SCZD	Shizhong_SCZD_Pt_1e-07	Shizhong_C+T	1e-07	Shizhong_SCZD_Pt_0.2	Shizhong_C+T	0.2	119	0.375583060146137	0.393070787637089	1.11280702610886
SCZD	Shizhong_SCZD_Pt_1e-07	Shizhong_C+T	1e-07	Shizhong_SCZD_Pt_0.3	Shizhong_C+T	0.3	119	0.384423412058909	0.400085457911978	1.10490151184382
SCZD	Shizhong_SCZD_Pt_1e-07	Shizhong_C+T	1e-07	Shizhong_SCZD_Pt_0.4	Shizhong_C+T	0.4	119	0.37810686711184	0.3764492237573	1.11055584296767
SCZD	Shizhong_SCZD_Pt_1e-07	Shizhong_C+T	1e-07	Shizhong_SCZD_Pt_0.5	Shizhong_C+T	0.5	119	0.383847912792901	0.380259222333001	1.10541787444849
SCZD	Shizhong_SCZD_Pt_1e-07	Shizhong_C+T	1e-07	Shizhong_SCZD_Pt_0.6	Shizhong_C+T	0.6	119	0.381212315706176	0.379811920711426	1.10777956993903
SCZD	Shizhong_SCZD_Pt_1e-07	Shizhong_C+T	1e-07	Shizhong_SCZD_Pt_0.7	Shizhong_C+T	0.7	119	0.375269728687061	0.376800860291995	1.11308619351803
SCZD	Shizhong_SCZD_Pt_1e-07	Shizhong_C+T	1e-07	Shizhong_SCZD_Pt_0.8	Shizhong_C+T	0.8	119	0.376105496227401	0.368816296884181	1.11234139796784
SCZD	Shizhong_SCZD_Pt_1e-07	Shizhong_C+T	1e-07	Shizhong_SCZD_Pt_0.9	Shizhong_C+T	0.9	119	0.378543161719185	0.372838626976214	1.11016621450007
SCZD	Shizhong_SCZD_Pt_1e-07	Shizhong_C+T	1e-07	Shizhong_SCZD_Pt_1	Shizhong_C+T	1	119	0.378594343170671	0.373201823102122	1.11012049846262
SCZD	Shizhong_SCZD_Pt_1e-07	Shizhong_C+T	1e-07	PRSice_SCZD_Pt_5e-08	PRSice_C+T	5e-08	119	0.922472858443519	0.917177040307649	0.392111343809312
SCZD	Shizhong_SCZD_Pt_1e-07	Shizhong_C+T	1e-07	PRSice_SCZD_Pt_1e-06	PRSice_C+T	1e-06	119	0.919351412054546	0.88889759293548	0.399927165166413
SCZD	Shizhong_SCZD_Pt_1e-07	Shizhong_C+T	1e-07	PRSice_SCZD_Pt_0.0001	PRSice_C+T	1e-04	119	0.826275806650082	0.750462897023216	0.586965631325906
SCZD	Shizhong_SCZD_Pt_1e-07	Shizhong_C+T	1e-07	PRSice_SCZD_Pt_0.001	PRSice_C+T	0.001	119	0.748759950509362	0.681626548924655	0.705873626891596
SCZD	Shizhong_SCZD_Pt_1e-07	Shizhong_C+T	1e-07	PRSice_SCZD_Pt_0.01	PRSice_C+T	0.01	119	0.600547121079321	0.559934482267483	0.890051832242362
SCZD	Shizhong_SCZD_Pt_1e-07	Shizhong_C+T	1e-07	PRSice_SCZD_Pt_0.05	PRSice_C+T	0.05	119	0.587590833559404	0.588705312633528	0.90437109992878
SCZD	Shizhong_SCZD_Pt_1e-07	Shizhong_C+T	1e-07	PRSice_SCZD_Pt_0.1	PRSice_C+T	0.1	119	0.548831057980552	0.529945876655747	0.945915013489295
SCZD	Shizhong_SCZD_Pt_1e-07	Shizhong_C+T	1e-07	PRSice_SCZD_Pt_0.5	PRSice_C+T	0.5	119	0.500261388121366	0.490428713858425	0.995529133421218
SCZD	Shizhong_SCZD_Pt_1e-07	Shizhong_C+T	1e-07	PRSice_SCZD_Pt_1	PRSice_C+T	1	119	0.490248872910707	0.482830081185016	1.00545263853906
SCZD	Shizhong_SCZD_Pt_1e-07	Shizhong_C+T	1e-07	GraphPred_SCZD	GraphPred_bcftools	NA	119	0.684381453120108	0.662035322603618	0.791159010797984
SCZD	Shizhong_SCZD_Pt_1e-06	Shizhong_C+T	1e-06	Shizhong_SCZD_Pt_1e-05	Shizhong_C+T	1e-05	119	0.900336632039168	0.880088306509044	0.444580387932359
SCZD	Shizhong_SCZD_Pt_1e-06	Shizhong_C+T	1e-06	Shizhong_SCZD_Pt_1e-04	Shizhong_C+T	1e-04	119	0.756711281051672	0.720951431420026	0.694613958874936
SCZD	Shizhong_SCZD_Pt_1e-06	Shizhong_C+T	1e-06	Shizhong_SCZD_Pt_0.001	Shizhong_C+T	0.001	119	0.715382733968506	0.703069363338556	0.751299573139952
SCZD	Shizhong_SCZD_Pt_1e-06	Shizhong_C+T	1e-06	Shizhong_SCZD_Pt_0.01	Shizhong_C+T	0.01	119	0.567573073270313	0.554322746047572	0.926059487300108
SCZD	Shizhong_SCZD_Pt_1e-06	Shizhong_C+T	1e-06	Shizhong_SCZD_Pt_0.05	Shizhong_C+T	0.05	119	0.524771851727227	0.535536248397664	0.970808564467518
SCZD	Shizhong_SCZD_Pt_1e-06	Shizhong_C+T	1e-06	Shizhong_SCZD_Pt_0.1	Shizhong_C+T	0.1	119	0.497727355078491	0.506232207364795	0.998049965074651
SCZD	Shizhong_SCZD_Pt_1e-06	Shizhong_C+T	1e-06	Shizhong_SCZD_Pt_0.2	Shizhong_C+T	0.2	119	0.460147041202514	0.456167212647771	1.0347138534994
SCZD	Shizhong_SCZD_Pt_1e-06	Shizhong_C+T	1e-06	Shizhong_SCZD_Pt_0.3	Shizhong_C+T	0.3	119	0.469508736450111	0.466407919099843	1.0257030308741
SCZD	Shizhong_SCZD_Pt_1e-06	Shizhong_C+T	1e-06	Shizhong_SCZD_Pt_0.4	Shizhong_C+T	0.4	119	0.464652042773146	0.442130750605327	1.03038753379223
SCZD	Shizhong_SCZD_Pt_1e-06	Shizhong_C+T	1e-06	Shizhong_SCZD_Pt_0.5	Shizhong_C+T	0.5	119	0.468904286224442	0.442807292408489	1.02628721572878
SCZD	Shizhong_SCZD_Pt_1e-06	Shizhong_C+T	1e-06	Shizhong_SCZD_Pt_0.6	Shizhong_C+T	0.6	119	0.466447163657918	0.44181897813618	1.02865854301794
SCZD	Shizhong_SCZD_Pt_1e-06	Shizhong_C+T	1e-06	Shizhong_SCZD_Pt_0.7	Shizhong_C+T	0.7	119	0.461354643765763	0.440535112780811	1.03355592463034
SCZD	Shizhong_SCZD_Pt_1e-06	Shizhong_C+T	1e-06	Shizhong_SCZD_Pt_0.8	Shizhong_C+T	0.8	119	0.460449616163842	0.430410306263611	1.03442384639682
SCZD	Shizhong_SCZD_Pt_1e-06	Shizhong_C+T	1e-06	Shizhong_SCZD_Pt_0.9	Shizhong_C+T	0.9	119	0.462934249142149	0.43391966956274	1.03203933383144
SCZD	Shizhong_SCZD_Pt_1e-06	Shizhong_C+T	1e-06	Shizhong_SCZD_Pt_1	Shizhong_C+T	1	119	0.463007415250513	0.434667426292551	1.03196903250098
SCZD	Shizhong_SCZD_Pt_1e-06	Shizhong_C+T	1e-06	PRSice_SCZD_Pt_5e-08	PRSice_C+T	5e-08	119	0.877154197082357	0.853781512605042	0.493585828901249
SCZD	Shizhong_SCZD_Pt_1e-06	Shizhong_C+T	1e-06	PRSice_SCZD_Pt_1e-06	PRSice_C+T	1e-06	119	0.924231514472097	0.907983193277311	0.387638428346528
SCZD	Shizhong_SCZD_Pt_1e-06	Shizhong_C+T	1e-06	PRSice_SCZD_Pt_0.0001	PRSice_C+T	1e-04	119	0.836872355423908	0.768487394957983	0.568782601761756
SCZD	Shizhong_SCZD_Pt_1e-06	Shizhong_C+T	1e-06	PRSice_SCZD_Pt_0.001	PRSice_C+T	0.001	119	0.758357012309242	0.692579404643213	0.692260607500989
SCZD	Shizhong_SCZD_Pt_1e-06	Shizhong_C+T	1e-06	PRSice_SCZD_Pt_0.01	PRSice_C+T	0.01	119	0.614516997227812	0.570887337986042	0.874349643801284
SCZD	Shizhong_SCZD_Pt_1e-06	Shizhong_C+T	1e-06	PRSice_SCZD_Pt_0.05	PRSice_C+T	0.05	119	0.615286831377688	0.603774391112377	0.873476141462807
SCZD	Shizhong_SCZD_Pt_1e-06	Shizhong_C+T	1e-06	PRSice_SCZD_Pt_0.1	PRSice_C+T	0.1	119	0.580605791979053	0.552613587808005	0.911997683050939
SCZD	Shizhong_SCZD_Pt_1e-06	Shizhong_C+T	1e-06	PRSice_SCZD_Pt_0.5	PRSice_C+T	0.5	119	0.548345259640819	0.537993163367042	0.94642413575835
SCZD	Shizhong_SCZD_Pt_1e-06	Shizhong_C+T	1e-06	PRSice_SCZD_Pt_1	PRSice_C+T	1	119	0.543082025983158	0.53264492237573	0.951922609434575
SCZD	Shizhong_SCZD_Pt_1e-06	Shizhong_C+T	1e-06	GraphPred_SCZD	GraphPred_bcftools	NA	119	0.712513669374558	0.70698618430423	0.755076789614913
SCZD	Shizhong_SCZD_Pt_1e-05	Shizhong_C+T	1e-05	Shizhong_SCZD_Pt_1e-04	Shizhong_C+T	1e-04	119	0.840786572900246	0.824975074775673	0.561917252166069
SCZD	Shizhong_SCZD_Pt_1e-05	Shizhong_C+T	1e-05	Shizhong_SCZD_Pt_0.001	Shizhong_C+T	0.001	119	0.755760525534326	0.734539239424584	0.695969887146188
SCZD	Shizhong_SCZD_Pt_1e-05	Shizhong_C+T	1e-05	Shizhong_SCZD_Pt_0.01	Shizhong_C+T	0.01	119	0.592773244540392	0.585742771684945	0.898670887348998
SCZD	Shizhong_SCZD_Pt_1e-05	Shizhong_C+T	1e-05	Shizhong_SCZD_Pt_0.05	Shizhong_C+T	0.05	119	0.53334082493481	0.53914684517875	0.962016288211768
SCZD	Shizhong_SCZD_Pt_1e-05	Shizhong_C+T	1e-05	Shizhong_SCZD_Pt_0.1	Shizhong_C+T	0.1	119	0.493016596824321	0.49310371226348	1.00271934103528
SCZD	Shizhong_SCZD_Pt_1e-05	Shizhong_C+T	1e-05	Shizhong_SCZD_Pt_0.2	Shizhong_C+T	0.2	119	0.449652637840564	0.440649480131036	1.0447225415489
SCZD	Shizhong_SCZD_Pt_1e-05	Shizhong_C+T	1e-05	Shizhong_SCZD_Pt_0.3	Shizhong_C+T	0.3	119	0.450566973267447	0.443647628542943	1.04385434086782
SCZD	Shizhong_SCZD_Pt_1e-05	Shizhong_C+T	1e-05	Shizhong_SCZD_Pt_0.4	Shizhong_C+T	0.4	119	0.443109657656231	0.422105113231733	1.05091445091194
SCZD	Shizhong_SCZD_Pt_1e-05	Shizhong_C+T	1e-05	Shizhong_SCZD_Pt_0.5	Shizhong_C+T	0.5	119	0.446180801228204	0.416194274319898	1.04801264870704
SCZD	Shizhong_SCZD_Pt_1e-05	Shizhong_C+T	1e-05	Shizhong_SCZD_Pt_0.6	Shizhong_C+T	0.6	119	0.444010849295495	0.416441448661836	1.05006378184136
SCZD	Shizhong_SCZD_Pt_1e-05	Shizhong_C+T	1e-05	Shizhong_SCZD_Pt_0.7	Shizhong_C+T	0.7	119	0.439759381394714	0.417016215764853	1.05407088399904
SCZD	Shizhong_SCZD_Pt_1e-05	Shizhong_C+T	1e-05	Shizhong_SCZD_Pt_0.8	Shizhong_C+T	0.8	119	0.438641551382994	0.40713006384699	1.05512193677268
SCZD	Shizhong_SCZD_Pt_1e-05	Shizhong_C+T	1e-05	Shizhong_SCZD_Pt_0.9	Shizhong_C+T	0.9	119	0.439839306026035	0.409072781655035	1.0539956937782
SCZD	Shizhong_SCZD_Pt_1e-05	Shizhong_C+T	1e-05	Shizhong_SCZD_Pt_1	Shizhong_C+T	1	119	0.439910318978539	0.409022931206381	1.05392888284409
SCZD	Shizhong_SCZD_Pt_1e-05	Shizhong_C+T	1e-05	PRSice_SCZD_Pt_5e-08	PRSice_C+T	5e-08	119	0.793437243345025	0.756594502207663	0.640042084820177
SCZD	Shizhong_SCZD_Pt_1e-05	Shizhong_C+T	1e-05	PRSice_SCZD_Pt_1e-06	PRSice_C+T	1e-06	119	0.842145233301694	0.805191568152685	0.5595145325258
SCZD	Shizhong_SCZD_Pt_1e-05	Shizhong_C+T	1e-05	PRSice_SCZD_Pt_0.0001	PRSice_C+T	1e-04	119	0.844677769851839	0.794708730950007	0.555008110433328
SCZD	Shizhong_SCZD_Pt_1e-05	Shizhong_C+T	1e-05	PRSice_SCZD_Pt_0.001	PRSice_C+T	0.001	119	0.772825299982999	0.714641788918958	0.671216312263672
SCZD	Shizhong_SCZD_Pt_1e-05	Shizhong_C+T	1e-05	PRSice_SCZD_Pt_0.01	PRSice_C+T	0.01	119	0.650653237458978	0.607983193277311	0.832359388078065
SCZD	Shizhong_SCZD_Pt_1e-05	Shizhong_C+T	1e-05	PRSice_SCZD_Pt_0.05	PRSice_C+T	0.05	119	0.632022518823561	0.611579547073067	0.854266039867512
SCZD	Shizhong_SCZD_Pt_1e-05	Shizhong_C+T	1e-05	PRSice_SCZD_Pt_0.1	PRSice_C+T	0.1	119	0.60213384407763	0.568174049280729	0.888282323191666
SCZD	Shizhong_SCZD_Pt_1e-05	Shizhong_C+T	1e-05	PRSice_SCZD_Pt_0.5	PRSice_C+T	0.5	119	0.565592133249899	0.533884062099416	0.928178194610162
SCZD	Shizhong_SCZD_Pt_1e-05	Shizhong_C+T	1e-05	PRSice_SCZD_Pt_1	PRSice_C+T	1	119	0.560896872967609	0.534439538527275	0.933180780758392
SCZD	Shizhong_SCZD_Pt_1e-05	Shizhong_C+T	1e-05	GraphPred_SCZD	GraphPred_bcftools	NA	119	0.711648921271866	0.671086739780658	0.756211558255352
SCZD	Shizhong_SCZD_Pt_1e-04	Shizhong_C+T	1e-04	Shizhong_SCZD_Pt_0.001	Shizhong_C+T	0.001	119	0.836463391032443	0.850470018515881	0.569495130355549
SCZD	Shizhong_SCZD_Pt_1e-04	Shizhong_C+T	1e-04	Shizhong_SCZD_Pt_0.01	Shizhong_C+T	0.01	119	0.646158594502551	0.663552200541234	0.837696780832295
SCZD	Shizhong_SCZD_Pt_1e-04	Shizhong_C+T	1e-04	Shizhong_SCZD_Pt_0.05	Shizhong_C+T	0.05	119	0.610625986771394	0.636248397664151	0.87875134446244
SCZD	Shizhong_SCZD_Pt_1e-04	Shizhong_C+T	1e-04	Shizhong_SCZD_Pt_0.1	Shizhong_C+T	0.1	119	0.569294878454124	0.577885233381548	0.924213991212622
SCZD	Shizhong_SCZD_Pt_1e-04	Shizhong_C+T	1e-04	Shizhong_SCZD_Pt_0.2	Shizhong_C+T	0.2	119	0.53373016813633	0.529917390685088	0.96161488963354
SCZD	Shizhong_SCZD_Pt_1e-04	Shizhong_C+T	1e-04	Shizhong_SCZD_Pt_0.3	Shizhong_C+T	0.3	119	0.522484333062336	0.521627973223188	0.973142261173266
SCZD	Shizhong_SCZD_Pt_1e-04	Shizhong_C+T	1e-04	Shizhong_SCZD_Pt_0.4	Shizhong_C+T	0.4	119	0.510672264197562	0.497080188007406	0.985104804599577
SCZD	Shizhong_SCZD_Pt_1e-04	Shizhong_C+T	1e-04	Shizhong_SCZD_Pt_0.5	Shizhong_C+T	0.5	119	0.508450407615396	0.491318900441533	0.98733877017064
SCZD	Shizhong_SCZD_Pt_1e-04	Shizhong_C+T	1e-04	Shizhong_SCZD_Pt_0.6	Shizhong_C+T	0.6	119	0.504933051355978	0.491331332189884	0.990864998054557
SCZD	Shizhong_SCZD_Pt_1e-04	Shizhong_C+T	1e-04	Shizhong_SCZD_Pt_0.7	Shizhong_C+T	0.7	119	0.503763991245863	0.491208454708758	0.99203423152672
SCZD	Shizhong_SCZD_Pt_1e-04	Shizhong_C+T	1e-04	Shizhong_SCZD_Pt_0.8	Shizhong_C+T	0.8	119	0.504361900241524	0.4869373555698	0.991436406140187
SCZD	Shizhong_SCZD_Pt_1e-04	Shizhong_C+T	1e-04	Shizhong_SCZD_Pt_0.9	Shizhong_C+T	0.9	119	0.504833601536803	0.485393818544367	0.990964516308468
SCZD	Shizhong_SCZD_Pt_1e-04	Shizhong_C+T	1e-04	Shizhong_SCZD_Pt_1	Shizhong_C+T	1	119	0.504821812313073	0.485757014670275	0.990976312982162
SCZD	Shizhong_SCZD_Pt_1e-04	Shizhong_C+T	1e-04	PRSice_SCZD_Pt_5e-08	PRSice_C+T	5e-08	119	0.691304652182783	0.630615296966244	0.782433727882599
SCZD	Shizhong_SCZD_Pt_1e-04	Shizhong_C+T	1e-04	PRSice_SCZD_Pt_1e-06	PRSice_C+T	1e-06	119	0.726837562769734	0.664883919669563	0.736025753033771
SCZD	Shizhong_SCZD_Pt_1e-04	Shizhong_C+T	1e-04	PRSice_SCZD_Pt_0.0001	PRSice_C+T	1e-04	119	0.881417906173369	0.879169633955277	0.484944544547547
SCZD	Shizhong_SCZD_Pt_1e-04	Shizhong_C+T	1e-04	PRSice_SCZD_Pt_0.001	PRSice_C+T	0.001	119	0.80130110942167	0.795321179319185	0.627740634341989
SCZD	Shizhong_SCZD_Pt_1e-04	Shizhong_C+T	1e-04	PRSice_SCZD_Pt_0.01	PRSice_C+T	0.01	119	0.677957710190953	0.667362199116935	0.799169634157303
SCZD	Shizhong_SCZD_Pt_1e-04	Shizhong_C+T	1e-04	PRSice_SCZD_Pt_0.05	PRSice_C+T	0.05	119	0.647490020560522	0.654849736504772	0.836119262670933
SCZD	Shizhong_SCZD_Pt_1e-04	Shizhong_C+T	1e-04	PRSice_SCZD_Pt_0.1	PRSice_C+T	0.1	119	0.620547037040482	0.619384703033756	0.867484043194471
SCZD	Shizhong_SCZD_Pt_1e-04	Shizhong_C+T	1e-04	PRSice_SCZD_Pt_0.5	PRSice_C+T	0.5	119	0.590576066452295	0.595349665289845	0.901092000065478
SCZD	Shizhong_SCZD_Pt_1e-04	Shizhong_C+T	1e-04	PRSice_SCZD_Pt_1	PRSice_C+T	1	119	0.584942984173226	0.597827944737217	0.90726968619501
SCZD	Shizhong_SCZD_Pt_1e-04	Shizhong_C+T	1e-04	GraphPred_SCZD	GraphPred_bcftools	NA	119	0.718081295023813	0.710297678393391	0.74772941660535
SCZD	Shizhong_SCZD_Pt_0.001	Shizhong_C+T	0.001	Shizhong_SCZD_Pt_0.01	Shizhong_C+T	0.01	119	0.806239594005927	0.812362911266202	0.619890582745439
SCZD	Shizhong_SCZD_Pt_0.001	Shizhong_C+T	0.001	Shizhong_SCZD_Pt_0.05	Shizhong_C+T	0.05	119	0.724532366587637	0.74532830081185	0.739124860020382
SCZD	Shizhong_SCZD_Pt_0.001	Shizhong_C+T	0.001	Shizhong_SCZD_Pt_0.1	Shizhong_C+T	0.1	119	0.68814553398414	0.688556987177041	0.786427161599879
SCZD	Shizhong_SCZD_Pt_0.001	Shizhong_C+T	0.001	Shizhong_SCZD_Pt_0.2	Shizhong_C+T	0.2	119	0.643891107993967	0.641504059250819	0.840376558821702
SCZD	Shizhong_SCZD_Pt_0.001	Shizhong_C+T	0.001	Shizhong_SCZD_Pt_0.3	Shizhong_C+T	0.3	119	0.633006863497846	0.631028343540806	0.853122688205116
SCZD	Shizhong_SCZD_Pt_0.001	Shizhong_C+T	0.001	Shizhong_SCZD_Pt_0.4	Shizhong_C+T	0.4	119	0.621437272056542	0.613388406209942	0.866465843007068
SCZD	Shizhong_SCZD_Pt_0.001	Shizhong_C+T	0.001	Shizhong_SCZD_Pt_0.5	Shizhong_C+T	0.5	119	0.621056094759122	0.607641361629398	0.86690195832727
SCZD	Shizhong_SCZD_Pt_0.001	Shizhong_C+T	0.001	Shizhong_SCZD_Pt_0.6	Shizhong_C+T	0.6	119	0.614926208941973	0.606162249548956	0.873885435108579
SCZD	Shizhong_SCZD_Pt_0.001	Shizhong_C+T	0.001	Shizhong_SCZD_Pt_0.7	Shizhong_C+T	0.7	119	0.609931775715085	0.603889074855613	0.879534354129759
SCZD	Shizhong_SCZD_Pt_0.001	Shizhong_C+T	0.001	Shizhong_SCZD_Pt_0.8	Shizhong_C+T	0.8	119	0.610891336343992	0.599638939040047	0.87845186886137
SCZD	Shizhong_SCZD_Pt_0.001	Shizhong_C+T	0.001	Shizhong_SCZD_Pt_0.9	Shizhong_C+T	0.9	119	0.610058124809433	0.597799458766558	0.879391895243496
SCZD	Shizhong_SCZD_Pt_0.001	Shizhong_C+T	0.001	Shizhong_SCZD_Pt_1	Shizhong_C+T	1	119	0.609874550428071	0.597956131605185	0.879598868177394
SCZD	Shizhong_SCZD_Pt_0.001	Shizhong_C+T	0.001	PRSice_SCZD_Pt_5e-08	PRSice_C+T	5e-08	119	0.662655237236565	0.624213075060533	0.817936345719208
SCZD	Shizhong_SCZD_Pt_0.001	Shizhong_C+T	0.001	PRSice_SCZD_Pt_1e-06	PRSice_C+T	1e-06	119	0.701484610676868	0.670289132602194	0.769424273908413
SCZD	Shizhong_SCZD_Pt_0.001	Shizhong_C+T	0.001	PRSice_SCZD_Pt_0.0001	PRSice_C+T	1e-04	119	0.816297875151978	0.833328585671557	0.603586629264043
SCZD	Shizhong_SCZD_Pt_0.001	Shizhong_C+T	0.001	PRSice_SCZD_Pt_0.001	PRSice_C+T	0.001	119	0.893790409597425	0.90051274747187	0.458948957589331
SCZD	Shizhong_SCZD_Pt_0.001	Shizhong_C+T	0.001	PRSice_SCZD_Pt_0.01	PRSice_C+T	0.01	119	0.79091998390073	0.781833072211936	0.643930184374154
SCZD	Shizhong_SCZD_Pt_0.001	Shizhong_C+T	0.001	PRSice_SCZD_Pt_0.05	PRSice_C+T	0.05	119	0.756868619835562	0.750519868964535	0.694389313458553
SCZD	Shizhong_SCZD_Pt_0.001	Shizhong_C+T	0.001	PRSice_SCZD_Pt_0.1	PRSice_C+T	0.1	119	0.715538154319883	0.709628258082894	0.751094414840281
SCZD	Shizhong_SCZD_Pt_0.001	Shizhong_C+T	0.001	PRSice_SCZD_Pt_0.5	PRSice_C+T	0.5	119	0.664616106661075	0.683385557612876	0.815555689446233
SCZD	Shizhong_SCZD_Pt_0.001	Shizhong_C+T	0.001	PRSice_SCZD_Pt_1	PRSice_C+T	1	119	0.656944107462852	0.678272325879504	0.824830976516747
SCZD	Shizhong_SCZD_Pt_0.001	Shizhong_C+T	0.001	GraphPred_SCZD	GraphPred_bcftools	NA	119	0.78314901275143	0.79018658310782	0.655787633376538
SCZD	Shizhong_SCZD_Pt_0.01	Shizhong_C+T	0.01	Shizhong_SCZD_Pt_0.05	Shizhong_C+T	0.05	119	0.892508282245384	0.87953995157385	0.461710788283702
SCZD	Shizhong_SCZD_Pt_0.01	Shizhong_C+T	0.01	Shizhong_SCZD_Pt_0.1	Shizhong_C+T	0.1	119	0.860137592954332	0.84515532893477	0.526663256171809
SCZD	Shizhong_SCZD_Pt_0.01	Shizhong_C+T	0.01	Shizhong_SCZD_Pt_0.2	Shizhong_C+T	0.2	119	0.812858564341833	0.788797892038171	0.609210667260178
SCZD	Shizhong_SCZD_Pt_0.01	Shizhong_C+T	0.01	Shizhong_SCZD_Pt_0.3	Shizhong_C+T	0.3	119	0.810322968327468	0.785386697051702	0.613323906327853
SCZD	Shizhong_SCZD_Pt_0.01	Shizhong_C+T	0.01	Shizhong_SCZD_Pt_0.4	Shizhong_C+T	0.4	119	0.814874868622897	0.783207520296254	0.605919892401935
SCZD	Shizhong_SCZD_Pt_0.01	Shizhong_C+T	0.01	Shizhong_SCZD_Pt_0.5	Shizhong_C+T	0.5	119	0.806999605081103	0.773401224896738	0.618673650417981
SCZD	Shizhong_SCZD_Pt_0.01	Shizhong_C+T	0.01	Shizhong_SCZD_Pt_0.6	Shizhong_C+T	0.6	119	0.799677960807404	0.763266497891528	0.630299390309059
SCZD	Shizhong_SCZD_Pt_0.01	Shizhong_C+T	0.01	Shizhong_SCZD_Pt_0.7	Shizhong_C+T	0.7	119	0.798370838223982	0.765302416359076	0.632352431911222
SCZD	Shizhong_SCZD_Pt_0.01	Shizhong_C+T	0.01	Shizhong_SCZD_Pt_0.8	Shizhong_C+T	0.8	119	0.798898230875308	0.761521725975936	0.631524881998662
SCZD	Shizhong_SCZD_Pt_0.01	Shizhong_C+T	0.01	Shizhong_SCZD_Pt_0.9	Shizhong_C+T	0.9	119	0.797092153210991	0.759998575701467	0.634354378613088
SCZD	Shizhong_SCZD_Pt_0.01	Shizhong_C+T	0.01	Shizhong_SCZD_Pt_1	Shizhong_C+T	1	119	0.797209887908535	0.760148127047429	0.634170313878633
SCZD	Shizhong_SCZD_Pt_0.01	Shizhong_C+T	0.01	PRSice_SCZD_Pt_5e-08	PRSice_C+T	5e-08	119	0.45412119218541	0.434432417034611	1.0404725762289
SCZD	Shizhong_SCZD_Pt_0.01	Shizhong_C+T	0.01	PRSice_SCZD_Pt_1e-06	PRSice_C+T	1e-06	119	0.519624380069931	0.498860561173622	0.97605209903436
SCZD	Shizhong_SCZD_Pt_0.01	Shizhong_C+T	0.01	PRSice_SCZD_Pt_0.0001	PRSice_C+T	1e-04	119	0.623073128069027	0.643270189431705	0.864591717778595
SCZD	Shizhong_SCZD_Pt_0.01	Shizhong_C+T	0.01	PRSice_SCZD_Pt_0.001	PRSice_C+T	0.001	119	0.738452271115125	0.753945306936334	0.72020809327612
SCZD	Shizhong_SCZD_Pt_0.01	Shizhong_C+T	0.01	PRSice_SCZD_Pt_0.01	PRSice_C+T	0.01	119	0.876618890729336	0.874854009400371	0.494660071617617
SCZD	Shizhong_SCZD_Pt_0.01	Shizhong_C+T	0.01	PRSice_SCZD_Pt_0.05	PRSice_C+T	0.05	119	0.857885751680517	0.843911123771543	0.530886072408473
SCZD	Shizhong_SCZD_Pt_0.01	Shizhong_C+T	0.01	PRSice_SCZD_Pt_0.1	PRSice_C+T	0.1	119	0.840933488044321	0.834268622703319	0.561657936074797
SCZD	Shizhong_SCZD_Pt_0.01	Shizhong_C+T	0.01	PRSice_SCZD_Pt_0.5	PRSice_C+T	0.5	119	0.793435149662616	0.793547927645635	0.640045328486849
SCZD	Shizhong_SCZD_Pt_0.01	Shizhong_C+T	0.01	PRSice_SCZD_Pt_1	PRSice_C+T	1	119	0.797911031932797	0.792835778379148	0.633073047040845
SCZD	Shizhong_SCZD_Pt_0.01	Shizhong_C+T	0.01	GraphPred_SCZD	GraphPred_bcftools	NA	119	0.7595401718533	0.75521293263068	0.690563765805791
SCZD	Shizhong_SCZD_Pt_0.05	Shizhong_C+T	0.05	Shizhong_SCZD_Pt_0.1	Shizhong_C+T	0.1	119	0.960537349843079	0.936737887656177	0.279753574590349
SCZD	Shizhong_SCZD_Pt_0.05	Shizhong_C+T	0.05	Shizhong_SCZD_Pt_0.2	Shizhong_C+T	0.2	119	0.930841627624497	0.899864691639368	0.370343650093888
SCZD	Shizhong_SCZD_Pt_0.05	Shizhong_C+T	0.05	Shizhong_SCZD_Pt_0.3	Shizhong_C+T	0.3	119	0.92581895963549	0.893355647343683	0.383556176530669
SCZD	Shizhong_SCZD_Pt_0.05	Shizhong_C+T	0.05	Shizhong_SCZD_Pt_0.4	Shizhong_C+T	0.4	119	0.921559009292083	0.885664435265632	0.394415574537252
SCZD	Shizhong_SCZD_Pt_0.05	Shizhong_C+T	0.05	Shizhong_SCZD_Pt_0.5	Shizhong_C+T	0.5	119	0.915680702642217	0.87642073778664	0.408927210720362
SCZD	Shizhong_SCZD_Pt_0.05	Shizhong_C+T	0.05	Shizhong_SCZD_Pt_0.6	Shizhong_C+T	0.6	119	0.912291567167236	0.873212053886941	0.417064472662698
SCZD	Shizhong_SCZD_Pt_0.05	Shizhong_C+T	0.05	Shizhong_SCZD_Pt_0.7	Shizhong_C+T	0.7	119	0.911837564735679	0.873211602440619	0.418142498351412
SCZD	Shizhong_SCZD_Pt_0.05	Shizhong_C+T	0.05	Shizhong_SCZD_Pt_0.8	Shizhong_C+T	0.8	119	0.912892600618848	0.875102816922002	0.415633021855506
SCZD	Shizhong_SCZD_Pt_0.05	Shizhong_C+T	0.05	Shizhong_SCZD_Pt_0.9	Shizhong_C+T	0.9	119	0.912318912049818	0.87359350519869	0.416999453441019
SCZD	Shizhong_SCZD_Pt_0.05	Shizhong_C+T	0.05	Shizhong_SCZD_Pt_1	Shizhong_C+T	1	119	0.912310263196987	0.872916963395528	0.417020019323893
SCZD	Shizhong_SCZD_Pt_0.05	Shizhong_C+T	0.05	PRSice_SCZD_Pt_5e-08	PRSice_C+T	5e-08	119	0.423483824558933	0.450669420310497	1.0692721839624
SCZD	Shizhong_SCZD_Pt_0.05	Shizhong_C+T	0.05	PRSice_SCZD_Pt_1e-06	PRSice_C+T	1e-06	119	0.482137322180367	0.506943455348241	1.01342083125527
SCZD	Shizhong_SCZD_Pt_0.05	Shizhong_C+T	0.05	PRSice_SCZD_Pt_0.0001	PRSice_C+T	1e-04	119	0.572462485943376	0.626926363765845	0.920809167892741
SCZD	Shizhong_SCZD_Pt_0.05	Shizhong_C+T	0.05	PRSice_SCZD_Pt_0.001	PRSice_C+T	0.001	119	0.673663070535481	0.688000284859707	0.804480704959618
SCZD	Shizhong_SCZD_Pt_0.05	Shizhong_C+T	0.05	PRSice_SCZD_Pt_0.01	PRSice_C+T	0.01	119	0.809255063721896	0.792522432701894	0.615048026830292
SCZD	Shizhong_SCZD_Pt_0.05	Shizhong_C+T	0.05	PRSice_SCZD_Pt_0.05	PRSice_C+T	0.05	119	0.889454480648952	0.851652186298248	0.468223377047583
SCZD	Shizhong_SCZD_Pt_0.05	Shizhong_C+T	0.05	PRSice_SCZD_Pt_0.1	PRSice_C+T	0.1	119	0.873362490567313	0.839581256231306	0.501145345545884
SCZD	Shizhong_SCZD_Pt_0.05	Shizhong_C+T	0.05	PRSice_SCZD_Pt_0.5	PRSice_C+T	0.5	119	0.8456037255698	0.820160945734226	0.553351293024445
SCZD	Shizhong_SCZD_Pt_0.05	Shizhong_C+T	0.05	PRSice_SCZD_Pt_1	PRSice_C+T	1	119	0.848654728984289	0.816379433129184	0.547856663764491
SCZD	Shizhong_SCZD_Pt_0.05	Shizhong_C+T	0.05	GraphPred_SCZD	GraphPred_bcftools	NA	119	0.774573469560773	0.782281726249822	0.668628730832441
SCZD	Shizhong_SCZD_Pt_0.1	Shizhong_C+T	0.1	Shizhong_SCZD_Pt_0.2	Shizhong_C+T	0.2	119	0.9752586586702	0.968645792349122	0.221510410132151
SCZD	Shizhong_SCZD_Pt_0.1	Shizhong_C+T	0.1	Shizhong_SCZD_Pt_0.3	Shizhong_C+T	0.3	119	0.964551367404202	0.954303080586687	0.265144281201483
SCZD	Shizhong_SCZD_Pt_0.1	Shizhong_C+T	0.1	Shizhong_SCZD_Pt_0.4	Shizhong_C+T	0.4	119	0.958663508611252	0.945422563422954	0.286318444794925
SCZD	Shizhong_SCZD_Pt_0.1	Shizhong_C+T	0.1	Shizhong_SCZD_Pt_0.5	Shizhong_C+T	0.5	119	0.952173722083675	0.935299343576727	0.307975247126224
SCZD	Shizhong_SCZD_Pt_0.1	Shizhong_C+T	0.1	Shizhong_SCZD_Pt_0.6	Shizhong_C+T	0.6	119	0.948787452171164	0.927335461485561	0.318691670063892
SCZD	Shizhong_SCZD_Pt_0.1	Shizhong_C+T	0.1	Shizhong_SCZD_Pt_0.7	Shizhong_C+T	0.7	119	0.948946038367644	0.926201094952456	0.318197852741619
SCZD	Shizhong_SCZD_Pt_0.1	Shizhong_C+T	0.1	Shizhong_SCZD_Pt_0.8	Shizhong_C+T	0.8	119	0.948852775591903	0.926304619916473	0.318488353946029
SCZD	Shizhong_SCZD_Pt_0.1	Shizhong_C+T	0.1	Shizhong_SCZD_Pt_0.9	Shizhong_C+T	0.9	119	0.948070047033826	0.924620646313683	0.320916085002899
SCZD	Shizhong_SCZD_Pt_0.1	Shizhong_C+T	0.1	Shizhong_SCZD_Pt_1	Shizhong_C+T	1	119	0.948070863351127	0.924816487710638	0.320913562659177
SCZD	Shizhong_SCZD_Pt_0.1	Shizhong_C+T	0.1	PRSice_SCZD_Pt_5e-08	PRSice_C+T	5e-08	119	0.380299617417861	0.398480270760265	1.10859624421333
SCZD	Shizhong_SCZD_Pt_0.1	Shizhong_C+T	0.1	PRSice_SCZD_Pt_1e-06	PRSice_C+T	1e-06	119	0.434024326850969	0.446813927528709	1.05945228779341
SCZD	Shizhong_SCZD_Pt_0.1	Shizhong_C+T	0.1	PRSice_SCZD_Pt_0.0001	PRSice_C+T	1e-04	119	0.514109422762476	0.541832612578505	0.981638898111817
SCZD	Shizhong_SCZD_Pt_0.1	Shizhong_C+T	0.1	PRSice_SCZD_Pt_0.001	PRSice_C+T	0.001	119	0.619395236419052	0.629583801424943	0.86879963653667
SCZD	Shizhong_SCZD_Pt_0.1	Shizhong_C+T	0.1	PRSice_SCZD_Pt_0.01	PRSice_C+T	0.01	119	0.757158037955659	0.728440977855053	0.693975897690497
SCZD	Shizhong_SCZD_Pt_0.1	Shizhong_C+T	0.1	PRSice_SCZD_Pt_0.05	PRSice_C+T	0.05	119	0.844072771785258	0.793011666807386	0.556087970329518
SCZD	Shizhong_SCZD_Pt_0.1	Shizhong_C+T	0.1	PRSice_SCZD_Pt_0.1	PRSice_C+T	0.1	119	0.851175023457812	0.812086618870784	0.543275890293709
SCZD	Shizhong_SCZD_Pt_0.1	Shizhong_C+T	0.1	PRSice_SCZD_Pt_0.5	PRSice_C+T	0.5	119	0.82892754603465	0.792858554442494	0.582468660648077
SCZD	Shizhong_SCZD_Pt_0.1	Shizhong_C+T	0.1	PRSice_SCZD_Pt_1	PRSice_C+T	1	119	0.831275131903916	0.791192122192043	0.578458316668822
SCZD	Shizhong_SCZD_Pt_0.1	Shizhong_C+T	0.1	GraphPred_SCZD	GraphPred_bcftools	NA	119	0.740069009607614	0.747676163788687	0.717978685415487
SCZD	Shizhong_SCZD_Pt_0.2	Shizhong_C+T	0.2	Shizhong_SCZD_Pt_0.3	Shizhong_C+T	0.3	119	0.985215703087212	0.978493092152115	0.171231183629647
SCZD	Shizhong_SCZD_Pt_0.2	Shizhong_C+T	0.2	Shizhong_SCZD_Pt_0.4	Shizhong_C+T	0.4	119	0.977192850282967	0.969057114371172	0.212675776696464
SCZD	Shizhong_SCZD_Pt_0.2	Shizhong_C+T	0.2	Shizhong_SCZD_Pt_0.5	Shizhong_C+T	0.5	119	0.971750695354025	0.960034183164791	0.236693538278097
SCZD	Shizhong_SCZD_Pt_0.2	Shizhong_C+T	0.2	Shizhong_SCZD_Pt_0.6	Shizhong_C+T	0.6	119	0.970638436706621	0.959382421963147	0.241308215638775
SCZD	Shizhong_SCZD_Pt_0.2	Shizhong_C+T	0.2	Shizhong_SCZD_Pt_0.7	Shizhong_C+T	0.7	119	0.970868544720523	0.95837457896305	0.240360783549525
SCZD	Shizhong_SCZD_Pt_0.2	Shizhong_C+T	0.2	Shizhong_SCZD_Pt_0.8	Shizhong_C+T	0.8	119	0.970173045726986	0.957922510768467	0.243213106548355
SCZD	Shizhong_SCZD_Pt_0.2	Shizhong_C+T	0.2	Shizhong_SCZD_Pt_0.9	Shizhong_C+T	0.9	119	0.970049693937866	0.957990314769976	0.243715501427029
SCZD	Shizhong_SCZD_Pt_0.2	Shizhong_C+T	0.2	Shizhong_SCZD_Pt_1	Shizhong_C+T	1	119	0.970050549209834	0.958225324027916	0.243712021587388
SCZD	Shizhong_SCZD_Pt_0.2	Shizhong_C+T	0.2	PRSice_SCZD_Pt_5e-08	PRSice_C+T	5e-08	119	0.339156715368489	0.346410767696909	1.14480564264738
SCZD	Shizhong_SCZD_Pt_0.2	Shizhong_C+T	0.2	PRSice_SCZD_Pt_1e-06	PRSice_C+T	1e-06	119	0.402689976296359	0.409955846745478	1.08838468543043
SCZD	Shizhong_SCZD_Pt_0.2	Shizhong_C+T	0.2	PRSice_SCZD_Pt_0.0001	PRSice_C+T	1e-04	119	0.481739034258442	0.505789773536533	1.01381046707524
SCZD	Shizhong_SCZD_Pt_0.2	Shizhong_C+T	0.2	PRSice_SCZD_Pt_0.001	PRSice_C+T	0.001	119	0.584050578173047	0.578884774248683	0.908244513921542
SCZD	Shizhong_SCZD_Pt_0.2	Shizhong_C+T	0.2	PRSice_SCZD_Pt_0.01	PRSice_C+T	0.01	119	0.709432781381852	0.663651901438542	0.759111951276256
SCZD	Shizhong_SCZD_Pt_0.2	Shizhong_C+T	0.2	PRSice_SCZD_Pt_0.05	PRSice_C+T	0.05	119	0.808618924187306	0.746125907990315	0.616072774074839
SCZD	Shizhong_SCZD_Pt_0.2	Shizhong_C+T	0.2	PRSice_SCZD_Pt_0.1	PRSice_C+T	0.1	119	0.825293026775598	0.778414755732802	0.588623559499596
SCZD	Shizhong_SCZD_Pt_0.2	Shizhong_C+T	0.2	PRSice_SCZD_Pt_0.5	PRSice_C+T	0.5	119	0.823972853602806	0.766778236718416	0.590843340792752
SCZD	Shizhong_SCZD_Pt_0.2	Shizhong_C+T	0.2	PRSice_SCZD_Pt_1	PRSice_C+T	1	119	0.827563184558939	0.76581683520866	0.584786741593564
SCZD	Shizhong_SCZD_Pt_0.2	Shizhong_C+T	0.2	GraphPred_SCZD	GraphPred_bcftools	NA	119	0.707914346377007	0.696994730095428	0.761092835772409
SCZD	Shizhong_SCZD_Pt_0.3	Shizhong_C+T	0.3	Shizhong_SCZD_Pt_0.4	Shizhong_C+T	0.4	119	0.993693538252334	0.991055405212933	0.111834397846055
SCZD	Shizhong_SCZD_Pt_0.3	Shizhong_C+T	0.3	Shizhong_SCZD_Pt_0.5	Shizhong_C+T	0.5	119	0.98943215630877	0.985393818544367	0.144769045600642
SCZD	Shizhong_SCZD_Pt_0.3	Shizhong_C+T	0.3	Shizhong_SCZD_Pt_0.6	Shizhong_C+T	0.6	119	0.987991560795895	0.983987266732013	0.154321274944768
SCZD	Shizhong_SCZD_Pt_0.3	Shizhong_C+T	0.3	Shizhong_SCZD_Pt_0.7	Shizhong_C+T	0.7	119	0.986895149451751	0.981729680481243	0.161212442160807
SCZD	Shizhong_SCZD_Pt_0.3	Shizhong_C+T	0.3	Shizhong_SCZD_Pt_0.8	Shizhong_C+T	0.8	119	0.985944723528329	0.980846677283947	0.16695607149596
SCZD	Shizhong_SCZD_Pt_0.3	Shizhong_C+T	0.3	Shizhong_SCZD_Pt_0.9	Shizhong_C+T	0.9	119	0.985606371685365	0.980309072781655	0.168953682734936
SCZD	Shizhong_SCZD_Pt_0.3	Shizhong_C+T	0.3	Shizhong_SCZD_Pt_1	Shizhong_C+T	1	119	0.985660851879174	0.980116792479704	0.168633632931237
SCZD	Shizhong_SCZD_Pt_0.3	Shizhong_C+T	0.3	PRSice_SCZD_Pt_5e-08	PRSice_C+T	5e-08	119	0.343612023926097	0.352955419455918	1.14094006041399
SCZD	Shizhong_SCZD_Pt_0.3	Shizhong_C+T	0.3	PRSice_SCZD_Pt_1e-06	PRSice_C+T	1e-06	119	0.404297395310682	0.405953567867825	1.08691922464204
SCZD	Shizhong_SCZD_Pt_0.3	Shizhong_C+T	0.3	PRSice_SCZD_Pt_0.0001	PRSice_C+T	1e-04	119	0.475960391143999	0.498005982053839	1.01944682515954
SCZD	Shizhong_SCZD_Pt_0.3	Shizhong_C+T	0.3	PRSice_SCZD_Pt_0.001	PRSice_C+T	0.001	119	0.577996918812849	0.573792906993306	0.914829860473986
SCZD	Shizhong_SCZD_Pt_0.3	Shizhong_C+T	0.3	PRSice_SCZD_Pt_0.01	PRSice_C+T	0.01	119	0.705638618311287	0.656345249964393	0.764052035705036
SCZD	Shizhong_SCZD_Pt_0.3	Shizhong_C+T	0.3	PRSice_SCZD_Pt_0.05	PRSice_C+T	0.05	119	0.807227967698043	0.738997293832787	0.618307527460895
SCZD	Shizhong_SCZD_Pt_0.3	Shizhong_C+T	0.3	PRSice_SCZD_Pt_0.1	PRSice_C+T	0.1	119	0.827164963246417	0.779005839623985	0.585461598205632
SCZD	Shizhong_SCZD_Pt_0.3	Shizhong_C+T	0.3	PRSice_SCZD_Pt_0.5	PRSice_C+T	0.5	119	0.8417272416655	0.799216635806865	0.560254826226813
SCZD	Shizhong_SCZD_Pt_0.3	Shizhong_C+T	0.3	PRSice_SCZD_Pt_1	PRSice_C+T	1	119	0.844149609595653	0.796809571286142	0.55595093894712
SCZD	Shizhong_SCZD_Pt_0.3	Shizhong_C+T	0.3	GraphPred_SCZD	GraphPred_bcftools	NA	119	0.707335984522748	0.694879646773964	0.76184598706386
SCZD	Shizhong_SCZD_Pt_0.4	Shizhong_C+T	0.4	Shizhong_SCZD_Pt_0.5	Shizhong_C+T	0.5	119	0.996213809841977	0.994224469448797	0.0866530257291182
SCZD	Shizhong_SCZD_Pt_0.4	Shizhong_C+T	0.4	Shizhong_SCZD_Pt_0.6	Shizhong_C+T	0.6	119	0.994503835765485	0.991368720162673	0.104402854179793
SCZD	Shizhong_SCZD_Pt_0.4	Shizhong_C+T	0.4	Shizhong_SCZD_Pt_0.7	Shizhong_C+T	0.7	119	0.993904642451346	0.990446449579663	0.109946678500522
SCZD	Shizhong_SCZD_Pt_0.4	Shizhong_C+T	0.4	Shizhong_SCZD_Pt_0.8	Shizhong_C+T	0.8	119	0.993687670036344	0.990396632952558	0.111886417174252
SCZD	Shizhong_SCZD_Pt_0.4	Shizhong_C+T	0.4	Shizhong_SCZD_Pt_0.9	Shizhong_C+T	0.9	119	0.993439015493382	0.989303518017377	0.114068840469544
SCZD	Shizhong_SCZD_Pt_0.4	Shizhong_C+T	0.4	Shizhong_SCZD_Pt_1	Shizhong_C+T	1	119	0.993456448969924	0.989189574134739	0.113917191031858
SCZD	Shizhong_SCZD_Pt_0.4	Shizhong_C+T	0.4	PRSice_SCZD_Pt_5e-08	PRSice_C+T	5e-08	119	0.335910623462871	0.335059108389118	1.14761386671739
SCZD	Shizhong_SCZD_Pt_0.4	Shizhong_C+T	0.4	PRSice_SCZD_Pt_1e-06	PRSice_C+T	1e-06	119	0.395677462829718	0.389623985187295	1.09475494657187
SCZD	Shizhong_SCZD_Pt_0.4	Shizhong_C+T	0.4	PRSice_SCZD_Pt_0.0001	PRSice_C+T	1e-04	119	0.464490221169465	0.481291838769406	1.03054325154793
SCZD	Shizhong_SCZD_Pt_0.4	Shizhong_C+T	0.4	PRSice_SCZD_Pt_0.001	PRSice_C+T	0.001	119	0.561748269426826	0.553154821250534	0.932275649066625
SCZD	Shizhong_SCZD_Pt_0.4	Shizhong_C+T	0.4	PRSice_SCZD_Pt_0.01	PRSice_C+T	0.01	119	0.70100817034875	0.6492095143142	0.77003804226496
SCZD	Shizhong_SCZD_Pt_0.4	Shizhong_C+T	0.4	PRSice_SCZD_Pt_0.05	PRSice_C+T	0.05	119	0.801757233176417	0.730273465318331	0.627019714554532
SCZD	Shizhong_SCZD_Pt_0.4	Shizhong_C+T	0.4	PRSice_SCZD_Pt_0.1	PRSice_C+T	0.1	119	0.819991220601354	0.769790628115653	0.597488243533158
SCZD	Shizhong_SCZD_Pt_0.4	Shizhong_C+T	0.4	PRSice_SCZD_Pt_0.5	PRSice_C+T	0.5	119	0.839117362332888	0.798127047429141	0.564855172108273
SCZD	Shizhong_SCZD_Pt_0.4	Shizhong_C+T	0.4	PRSice_SCZD_Pt_1	PRSice_C+T	1	119	0.842968805668799	0.79661729098419	0.558053052070987
SCZD	Shizhong_SCZD_Pt_0.4	Shizhong_C+T	0.4	GraphPred_SCZD	GraphPred_bcftools	NA	119	0.70124519858844	0.675202962540949	0.769732754742687
SCZD	Shizhong_SCZD_Pt_0.5	Shizhong_C+T	0.5	Shizhong_SCZD_Pt_0.6	Shizhong_C+T	0.6	119	0.998169164449954	0.995741332228689	0.0602569560690936
SCZD	Shizhong_SCZD_Pt_0.5	Shizhong_C+T	0.5	Shizhong_SCZD_Pt_0.7	Shizhong_C+T	0.7	119	0.997362047180057	0.994616113229275	0.0723295948998314
SCZD	Shizhong_SCZD_Pt_0.5	Shizhong_C+T	0.5	Shizhong_SCZD_Pt_0.8	Shizhong_C+T	0.8	119	0.997449358436898	0.994487945056672	0.0711225365181394
SCZD	Shizhong_SCZD_Pt_0.5	Shizhong_C+T	0.5	Shizhong_SCZD_Pt_0.9	Shizhong_C+T	0.9	119	0.997217751056793	0.993248824953711	0.0742814741370516
SCZD	Shizhong_SCZD_Pt_0.5	Shizhong_C+T	0.5	Shizhong_SCZD_Pt_1	Shizhong_C+T	1	119	0.997249493549578	0.993248824953711	0.0738565224044383
SCZD	Shizhong_SCZD_Pt_0.5	Shizhong_C+T	0.5	PRSice_SCZD_Pt_5e-08	PRSice_C+T	5e-08	119	0.33651735899694	0.334468024497935	1.14708949661732
SCZD	Shizhong_SCZD_Pt_0.5	Shizhong_C+T	0.5	PRSice_SCZD_Pt_1e-06	PRSice_C+T	1e-06	119	0.395067850607961	0.385621706309643	1.09530697610466
SCZD	Shizhong_SCZD_Pt_0.5	Shizhong_C+T	0.5	PRSice_SCZD_Pt_0.0001	PRSice_C+T	1e-04	119	0.458298086530783	0.472154963680388	1.03648424643051
SCZD	Shizhong_SCZD_Pt_0.5	Shizhong_C+T	0.5	PRSice_SCZD_Pt_0.001	PRSice_C+T	0.001	119	0.554351783965335	0.546759720837488	0.9401098585195
SCZD	Shizhong_SCZD_Pt_0.5	Shizhong_C+T	0.5	PRSice_SCZD_Pt_0.01	PRSice_C+T	0.01	119	0.690325791353346	0.637758154109101	0.783673279335608
SCZD	Shizhong_SCZD_Pt_0.5	Shizhong_C+T	0.5	PRSice_SCZD_Pt_0.05	PRSice_C+T	0.05	119	0.796590368446116	0.722518159806296	0.635138263559955
SCZD	Shizhong_SCZD_Pt_0.5	Shizhong_C+T	0.5	PRSice_SCZD_Pt_0.1	PRSice_C+T	0.1	119	0.81410508433917	0.76089588377724	0.607178348613354
SCZD	Shizhong_SCZD_Pt_0.5	Shizhong_C+T	0.5	PRSice_SCZD_Pt_0.5	PRSice_C+T	0.5	119	0.840630782867815	0.801331719128329	0.562192102423055
SCZD	Shizhong_SCZD_Pt_0.5	Shizhong_C+T	0.5	PRSice_SCZD_Pt_1	PRSice_C+T	1	119	0.843730825964459	0.797365047714001	0.556697382244803
SCZD	Shizhong_SCZD_Pt_0.5	Shizhong_C+T	0.5	GraphPred_SCZD	GraphPred_bcftools	NA	119	0.69990298377744	0.673678963110668	0.771459905059005
SCZD	Shizhong_SCZD_Pt_0.6	Shizhong_C+T	0.6	Shizhong_SCZD_Pt_0.7	Shizhong_C+T	0.7	119	0.999243049217748	0.999100901953015	0.0387450603640925
SCZD	Shizhong_SCZD_Pt_0.6	Shizhong_C+T	0.6	Shizhong_SCZD_Pt_0.8	Shizhong_C+T	0.8	119	0.998925130555061	0.998433260456206	0.0461700536840658
SCZD	Shizhong_SCZD_Pt_0.6	Shizhong_C+T	0.6	Shizhong_SCZD_Pt_0.9	Shizhong_C+T	0.9	119	0.99879985912102	0.997924077502686	0.0487863846069638
SCZD	Shizhong_SCZD_Pt_0.6	Shizhong_C+T	0.6	Shizhong_SCZD_Pt_1	Shizhong_C+T	1	119	0.998822771056895	0.997988171164891	0.0483184491247596
SCZD	Shizhong_SCZD_Pt_0.6	Shizhong_C+T	0.6	PRSice_SCZD_Pt_5e-08	PRSice_C+T	5e-08	119	0.335336055769023	0.336680446806175	1.14811021503592
SCZD	Shizhong_SCZD_Pt_0.6	Shizhong_C+T	0.6	PRSice_SCZD_Pt_1e-06	PRSice_C+T	1e-06	119	0.393392714525341	0.386819494445888	1.0968224516854
SCZD	Shizhong_SCZD_Pt_0.6	Shizhong_C+T	0.6	PRSice_SCZD_Pt_0.0001	PRSice_C+T	1e-04	119	0.45445327432702	0.473377985254337	1.04015604541513
SCZD	Shizhong_SCZD_Pt_0.6	Shizhong_C+T	0.6	PRSice_SCZD_Pt_0.001	PRSice_C+T	0.001	119	0.548324119021835	0.539159447231189	0.946446285152721
SCZD	Shizhong_SCZD_Pt_0.6	Shizhong_C+T	0.6	PRSice_SCZD_Pt_0.01	PRSice_C+T	0.01	119	0.684481310512198	0.626864502441314	0.791033844951126
SCZD	Shizhong_SCZD_Pt_0.6	Shizhong_C+T	0.6	PRSice_SCZD_Pt_0.05	PRSice_C+T	0.05	119	0.792699475200564	0.714391519700868	0.641184066524792
SCZD	Shizhong_SCZD_Pt_0.6	Shizhong_C+T	0.6	PRSice_SCZD_Pt_0.1	PRSice_C+T	0.1	119	0.811490738488123	0.753933748522614	0.611432989084823
SCZD	Shizhong_SCZD_Pt_0.6	Shizhong_C+T	0.6	PRSice_SCZD_Pt_0.5	PRSice_C+T	0.5	119	0.838214348420999	0.795786909942767	0.566438184250357
SCZD	Shizhong_SCZD_Pt_0.6	Shizhong_C+T	0.6	PRSice_SCZD_Pt_1	PRSice_C+T	1	119	0.84198866987566	0.793119901443219	0.559791932454862
SCZD	Shizhong_SCZD_Pt_0.6	Shizhong_C+T	0.6	GraphPred_SCZD	GraphPred_bcftools	NA	119	0.695062273453783	0.664476799878874	0.7776570254842
SCZD	Shizhong_SCZD_Pt_0.7	Shizhong_C+T	0.7	Shizhong_SCZD_Pt_0.8	Shizhong_C+T	0.8	119	0.999561210490624	0.998986956853188	0.0294992271957918
SCZD	Shizhong_SCZD_Pt_0.7	Shizhong_C+T	0.7	Shizhong_SCZD_Pt_0.9	Shizhong_C+T	0.9	119	0.999434870373438	0.998775094563815	0.0334777728680714
SCZD	Shizhong_SCZD_Pt_0.7	Shizhong_C+T	0.7	Shizhong_SCZD_Pt_1	Shizhong_C+T	1	119	0.999456300997904	0.998817823824102	0.0328368726561629
SCZD	Shizhong_SCZD_Pt_0.7	Shizhong_C+T	0.7	PRSice_SCZD_Pt_5e-08	PRSice_C+T	5e-08	119	0.327858751191832	0.332996246955082	1.15455013145369
SCZD	Shizhong_SCZD_Pt_0.7	Shizhong_C+T	0.7	PRSice_SCZD_Pt_1e-06	PRSice_C+T	1e-06	119	0.385971232125586	0.38541436701139	1.10351154254228
SCZD	Shizhong_SCZD_Pt_0.7	Shizhong_C+T	0.7	PRSice_SCZD_Pt_0.0001	PRSice_C+T	1e-04	119	0.448596597753915	0.474074021333923	1.04572439984004
SCZD	Shizhong_SCZD_Pt_0.7	Shizhong_C+T	0.7	PRSice_SCZD_Pt_0.001	PRSice_C+T	0.001	119	0.540601035741154	0.535992280260567	0.954503503147969
SCZD	Shizhong_SCZD_Pt_0.7	Shizhong_C+T	0.7	PRSice_SCZD_Pt_0.01	PRSice_C+T	0.01	119	0.677918447006628	0.625588417537709	0.799218349790793
SCZD	Shizhong_SCZD_Pt_0.7	Shizhong_C+T	0.7	PRSice_SCZD_Pt_0.05	PRSice_C+T	0.05	119	0.789121291755626	0.713916920093022	0.64669408263742
SCZD	Shizhong_SCZD_Pt_0.7	Shizhong_C+T	0.7	PRSice_SCZD_Pt_0.1	PRSice_C+T	0.1	119	0.807847746819827	0.751931718661132	0.617312770584786
SCZD	Shizhong_SCZD_Pt_0.7	Shizhong_C+T	0.7	PRSice_SCZD_Pt_0.5	PRSice_C+T	0.5	119	0.834911823721202	0.794821213673578	0.572190319176786
SCZD	Shizhong_SCZD_Pt_0.7	Shizhong_C+T	0.7	PRSice_SCZD_Pt_1	PRSice_C+T	1	119	0.83922595001711	0.792538759019948	0.564664515524146
SCZD	Shizhong_SCZD_Pt_0.7	Shizhong_C+T	0.7	GraphPred_SCZD	GraphPred_bcftools	NA	119	0.689592036350592	0.661256667561759	0.784601164116699
SCZD	Shizhong_SCZD_Pt_0.8	Shizhong_C+T	0.8	Shizhong_SCZD_Pt_0.9	Shizhong_C+T	0.9	119	0.999903221982619	0.999476568431662	0.0138538627631874
SCZD	Shizhong_SCZD_Pt_0.8	Shizhong_C+T	0.8	Shizhong_SCZD_Pt_1	Shizhong_C+T	1	119	0.999894133685243	0.999455203877593	0.0144897675523293
SCZD	Shizhong_SCZD_Pt_0.8	Shizhong_C+T	0.8	PRSice_SCZD_Pt_5e-08	PRSice_C+T	5e-08	119	0.329727726806136	0.32580944954433	1.15294382611035
SCZD	Shizhong_SCZD_Pt_0.8	Shizhong_C+T	0.8	PRSice_SCZD_Pt_1e-06	PRSice_C+T	1e-06	119	0.387177627023964	0.377344314716517	1.10242696369048
SCZD	Shizhong_SCZD_Pt_0.8	Shizhong_C+T	0.8	PRSice_SCZD_Pt_0.0001	PRSice_C+T	1e-04	119	0.451086803805906	0.468610128938055	1.04336041736275
SCZD	Shizhong_SCZD_Pt_0.8	Shizhong_C+T	0.8	PRSice_SCZD_Pt_0.001	PRSice_C+T	0.001	119	0.54224241080207	0.53203080769034	0.952796816501499
SCZD	Shizhong_SCZD_Pt_0.8	Shizhong_C+T	0.8	PRSice_SCZD_Pt_0.01	PRSice_C+T	0.01	119	0.680425367675424	0.623506706693551	0.796101917109367
SCZD	Shizhong_SCZD_Pt_0.8	Shizhong_C+T	0.8	PRSice_SCZD_Pt_0.05	PRSice_C+T	0.05	119	0.791621764709762	0.712853271807937	0.642848594433801
SCZD	Shizhong_SCZD_Pt_0.8	Shizhong_C+T	0.8	PRSice_SCZD_Pt_0.1	PRSice_C+T	0.1	119	0.808676947206648	0.751487507081773	0.615979376354744
SCZD	Shizhong_SCZD_Pt_0.8	Shizhong_C+T	0.8	PRSice_SCZD_Pt_0.5	PRSice_C+T	0.5	119	0.835778056582495	0.793978044364969	0.570687177157969
SCZD	Shizhong_SCZD_Pt_0.8	Shizhong_C+T	0.8	PRSice_SCZD_Pt_1	PRSice_C+T	1	119	0.840140516024791	0.79156028899622	0.563056172982791
SCZD	Shizhong_SCZD_Pt_0.8	Shizhong_C+T	0.8	GraphPred_SCZD	GraphPred_bcftools	NA	119	0.690705319524524	0.658238350090877	0.7831929079269
SCZD	Shizhong_SCZD_Pt_0.9	Shizhong_C+T	0.9	Shizhong_SCZD_Pt_1	Shizhong_C+T	1	119	0.999990226379777	0.999943028058681	0.00440261035311413
SCZD	Shizhong_SCZD_Pt_0.9	Shizhong_C+T	0.9	PRSice_SCZD_Pt_5e-08	PRSice_C+T	5e-08	119	0.331307153884709	0.326883634809856	1.15158462867553
SCZD	Shizhong_SCZD_Pt_0.9	Shizhong_C+T	0.9	PRSice_SCZD_Pt_1e-06	PRSice_C+T	1e-06	119	0.389061508089739	0.380081185016379	1.10073117063473
SCZD	Shizhong_SCZD_Pt_0.9	Shizhong_C+T	0.9	PRSice_SCZD_Pt_0.0001	PRSice_C+T	1e-04	119	0.452409583664498	0.469847600056972	1.04210250570491
SCZD	Shizhong_SCZD_Pt_0.9	Shizhong_C+T	0.9	PRSice_SCZD_Pt_0.001	PRSice_C+T	0.001	119	0.542513836879876	0.530807577268195	0.952514295516135
SCZD	Shizhong_SCZD_Pt_0.9	Shizhong_C+T	0.9	PRSice_SCZD_Pt_0.01	PRSice_C+T	0.01	119	0.680323145863415	0.622176328158382	0.796229230834676
SCZD	Shizhong_SCZD_Pt_0.9	Shizhong_C+T	0.9	PRSice_SCZD_Pt_0.05	PRSice_C+T	0.05	119	0.792191895582667	0.714349807719698	0.641968562821562
SCZD	Shizhong_SCZD_Pt_0.9	Shizhong_C+T	0.9	PRSice_SCZD_Pt_0.1	PRSice_C+T	0.1	119	0.809349802128616	0.753190428713859	0.614895268103867
SCZD	Shizhong_SCZD_Pt_0.9	Shizhong_C+T	0.9	PRSice_SCZD_Pt_0.5	PRSice_C+T	0.5	119	0.836779104944035	0.795670132459764	0.568945148315427
SCZD	Shizhong_SCZD_Pt_0.9	Shizhong_C+T	0.9	PRSice_SCZD_Pt_1	PRSice_C+T	1	119	0.841090282092828	0.793120638085743	0.56138105084949
SCZD	Shizhong_SCZD_Pt_0.9	Shizhong_C+T	0.9	GraphPred_SCZD	GraphPred_bcftools	NA	119	0.690589421797328	0.656067511750463	0.783339631718212
SCZD	Shizhong_SCZD_Pt_1	Shizhong_C+T	1	PRSice_SCZD_Pt_5e-08	PRSice_C+T	5e-08	119	0.331168681547421	0.32719698048711	1.15170385707879
SCZD	Shizhong_SCZD_Pt_1	Shizhong_C+T	1	PRSice_SCZD_Pt_1e-06	PRSice_C+T	1e-06	119	0.388894191537012	0.380444381142287	1.10088188788328
SCZD	Shizhong_SCZD_Pt_1	Shizhong_C+T	1	PRSice_SCZD_Pt_0.0001	PRSice_C+T	1e-04	119	0.452268557660208	0.470367469021507	1.0422366881952
SCZD	Shizhong_SCZD_Pt_1	Shizhong_C+T	1	PRSice_SCZD_Pt_0.001	PRSice_C+T	0.001	119	0.542398732462843	0.531405782652044	0.952634115213521
SCZD	Shizhong_SCZD_Pt_1	Shizhong_C+T	1	PRSice_SCZD_Pt_0.01	PRSice_C+T	0.01	119	0.680300981098127	0.621905711437117	0.79625683359648
SCZD	Shizhong_SCZD_Pt_1	Shizhong_C+T	1	PRSice_SCZD_Pt_0.05	PRSice_C+T	0.05	119	0.792040183379215	0.713587808004558	0.642202857571619
SCZD	Shizhong_SCZD_Pt_1	Shizhong_C+T	1	PRSice_SCZD_Pt_0.1	PRSice_C+T	0.1	119	0.809394534732646	0.75284147557328	0.614823126872224
SCZD	Shizhong_SCZD_Pt_1	Shizhong_C+T	1	PRSice_SCZD_Pt_0.5	PRSice_C+T	0.5	119	0.836810422656278	0.794915254237288	0.568890563039395
SCZD	Shizhong_SCZD_Pt_1	Shizhong_C+T	1	PRSice_SCZD_Pt_1	PRSice_C+T	1	119	0.841126352516428	0.792273180458624	0.561317334162491
SCZD	Shizhong_SCZD_Pt_1	Shizhong_C+T	1	GraphPred_SCZD	GraphPred_bcftools	NA	119	0.690650523009207	0.656281156530409	0.783262282449367
SCZD	PRSice_SCZD_Pt_5e-08	PRSice_C+T	5e-08	PRSice_SCZD_Pt_1e-06	PRSice_C+T	1e-06	119	0.969307118588764	0.92489673835636	0.246718292949804
SCZD	PRSice_SCZD_Pt_5e-08	PRSice_C+T	5e-08	PRSice_SCZD_Pt_0.0001	PRSice_C+T	1e-04	119	0.862413838266658	0.757961828799317	0.522359982196738
SCZD	PRSice_SCZD_Pt_5e-08	PRSice_C+T	5e-08	PRSice_SCZD_Pt_0.001	PRSice_C+T	0.001	119	0.779592014763219	0.693063666144424	0.661144185928629
SCZD	PRSice_SCZD_Pt_5e-08	PRSice_C+T	5e-08	PRSice_SCZD_Pt_0.01	PRSice_C+T	0.01	119	0.60083555020721	0.550854579119784	0.889730438599565
SCZD	PRSice_SCZD_Pt_5e-08	PRSice_C+T	5e-08	PRSice_SCZD_Pt_0.05	PRSice_C+T	0.05	119	0.569725409081469	0.570296254094858	0.923751955942362
SCZD	PRSice_SCZD_Pt_5e-08	PRSice_C+T	5e-08	PRSice_SCZD_Pt_0.1	PRSice_C+T	0.1	119	0.51527135887772	0.503781512605042	0.980464472785101
SCZD	PRSice_SCZD_Pt_5e-08	PRSice_C+T	5e-08	PRSice_SCZD_Pt_0.5	PRSice_C+T	0.5	119	0.461832010057645	0.462754593362769	1.03309783646933
SCZD	PRSice_SCZD_Pt_5e-08	PRSice_C+T	5e-08	PRSice_SCZD_Pt_1	PRSice_C+T	1	119	0.452491873637898	0.453510895883777	1.04202420100227
SCZD	PRSice_SCZD_Pt_5e-08	PRSice_C+T	5e-08	GraphPred_SCZD	GraphPred_bcftools	NA	119	0.679218236919935	0.662612163509472	0.797604059683958
SCZD	PRSice_SCZD_Pt_1e-06	PRSice_C+T	1e-06	PRSice_SCZD_Pt_0.0001	PRSice_C+T	1e-04	119	0.899071538704413	0.809101267625694	0.447393167058622
SCZD	PRSice_SCZD_Pt_1e-06	PRSice_C+T	1e-06	PRSice_SCZD_Pt_0.001	PRSice_C+T	0.001	119	0.82017614394324	0.729440250676542	0.597181264300793
SCZD	PRSice_SCZD_Pt_1e-06	PRSice_C+T	1e-06	PRSice_SCZD_Pt_0.01	PRSice_C+T	0.01	119	0.641636706569869	0.590357498931776	0.843032427825666
SCZD	PRSice_SCZD_Pt_1e-06	PRSice_C+T	1e-06	PRSice_SCZD_Pt_0.05	PRSice_C+T	0.05	119	0.619738037174798	0.622133599202393	0.868408295844758
SCZD	PRSice_SCZD_Pt_1e-06	PRSice_C+T	1e-06	PRSice_SCZD_Pt_0.1	PRSice_C+T	0.1	119	0.569181315888981	0.561736219911694	0.924335825373501
SCZD	PRSice_SCZD_Pt_1e-06	PRSice_C+T	1e-06	PRSice_SCZD_Pt_0.5	PRSice_C+T	0.5	119	0.515695937531387	0.51608033043726	0.980034979407431
SCZD	PRSice_SCZD_Pt_1e-06	PRSice_C+T	1e-06	PRSice_SCZD_Pt_1	PRSice_C+T	1	119	0.509740023999554	0.510148127047429	0.986042741740286
SCZD	PRSice_SCZD_Pt_1e-06	PRSice_C+T	1e-06	GraphPred_SCZD	GraphPred_bcftools	NA	119	0.707458309341647	0.682723258795044	0.761686755987537
SCZD	PRSice_SCZD_Pt_0.0001	PRSice_C+T	1e-04	PRSice_SCZD_Pt_0.001	PRSice_C+T	0.001	119	0.919366667838132	0.895755590371742	0.399889337530518
SCZD	PRSice_SCZD_Pt_0.0001	PRSice_C+T	1e-04	PRSice_SCZD_Pt_0.01	PRSice_C+T	0.01	119	0.74803122465369	0.736704173194702	0.706896584628239
SCZD	PRSice_SCZD_Pt_0.0001	PRSice_C+T	1e-04	PRSice_SCZD_Pt_0.05	PRSice_C+T	0.05	119	0.689397895475048	0.703425437971799	0.784846485379472
SCZD	PRSice_SCZD_Pt_0.0001	PRSice_C+T	1e-04	PRSice_SCZD_Pt_0.1	PRSice_C+T	0.1	119	0.646222545206433	0.654828372026777	0.837621077821452
SCZD	PRSice_SCZD_Pt_0.0001	PRSice_C+T	1e-04	PRSice_SCZD_Pt_0.5	PRSice_C+T	0.5	119	0.592635859921974	0.619406067511751	0.898822465240098
SCZD	PRSice_SCZD_Pt_0.0001	PRSice_C+T	1e-04	PRSice_SCZD_Pt_1	PRSice_C+T	1	119	0.587872679013946	0.618964534966529	0.904062017991965
SCZD	PRSice_SCZD_Pt_0.0001	PRSice_C+T	1e-04	GraphPred_SCZD	GraphPred_bcftools	NA	119	0.739235105708409	0.721734795613161	0.719129463530578
SCZD	PRSice_SCZD_Pt_0.001	PRSice_C+T	0.001	PRSice_SCZD_Pt_0.01	PRSice_C+T	0.01	119	0.847927551049496	0.828158381996867	0.549171246901045
SCZD	PRSice_SCZD_Pt_0.001	PRSice_C+T	0.001	PRSice_SCZD_Pt_0.05	PRSice_C+T	0.05	119	0.786332820945008	0.782025352513887	0.650955692104962
SCZD	PRSice_SCZD_Pt_0.001	PRSice_C+T	0.001	PRSice_SCZD_Pt_0.1	PRSice_C+T	0.1	119	0.744783404236248	0.737800883065091	0.711437865858187
SCZD	PRSice_SCZD_Pt_0.001	PRSice_C+T	0.001	PRSice_SCZD_Pt_0.5	PRSice_C+T	0.5	119	0.679074295885131	0.689858994445236	0.797782989864338
SCZD	PRSice_SCZD_Pt_0.001	PRSice_C+T	0.001	PRSice_SCZD_Pt_1	PRSice_C+T	1	119	0.670964834258148	0.684254379717989	0.807799683521928
SCZD	PRSice_SCZD_Pt_0.001	PRSice_C+T	0.001	GraphPred_SCZD	GraphPred_bcftools	NA	119	0.790456326274466	0.767775245691497	0.644643781506897
SCZD	PRSice_SCZD_Pt_0.01	PRSice_C+T	0.01	PRSice_SCZD_Pt_0.05	PRSice_C+T	0.05	119	0.912040628283937	0.906929212362911	0.417660669280445
SCZD	PRSice_SCZD_Pt_0.01	PRSice_C+T	0.01	PRSice_SCZD_Pt_0.1	PRSice_C+T	0.1	119	0.888194888752564	0.884090585386697	0.470883366657726
SCZD	PRSice_SCZD_Pt_0.01	PRSice_C+T	0.01	PRSice_SCZD_Pt_0.5	PRSice_C+T	0.5	119	0.823188908287042	0.81946303945307	0.5921575537297
SCZD	PRSice_SCZD_Pt_0.01	PRSice_C+T	0.01	PRSice_SCZD_Pt_1	PRSice_C+T	1	119	0.824568127509319	0.817696909272184	0.5898434624115
SCZD	PRSice_SCZD_Pt_0.01	PRSice_C+T	0.01	GraphPred_SCZD	GraphPred_bcftools	NA	119	0.79515858801446	0.754785643070788	0.637369681711172
SCZD	PRSice_SCZD_Pt_0.05	PRSice_C+T	0.05	PRSice_SCZD_Pt_0.1	PRSice_C+T	0.1	119	0.971394926373376	0.963060817547358	0.238179322598134
SCZD	PRSice_SCZD_Pt_0.05	PRSice_C+T	0.05	PRSice_SCZD_Pt_0.5	PRSice_C+T	0.5	119	0.917572079562588	0.900662298817832	0.40431484968301
SCZD	PRSice_SCZD_Pt_0.05	PRSice_C+T	0.05	PRSice_SCZD_Pt_1	PRSice_C+T	1	119	0.917063747895522	0.900648055832503	0.405559635095708
SCZD	PRSice_SCZD_Pt_0.05	PRSice_C+T	0.05	GraphPred_SCZD	GraphPred_bcftools	NA	119	0.825460838158284	0.795805440820396	0.588340796130929
SCZD	PRSice_SCZD_Pt_0.1	PRSice_C+T	0.1	PRSice_SCZD_Pt_0.5	PRSice_C+T	0.5	119	0.943605233856041	0.932167782367184	0.33442745265935
SCZD	PRSice_SCZD_Pt_0.1	PRSice_C+T	0.1	PRSice_SCZD_Pt_1	PRSice_C+T	1	119	0.943208889337999	0.933791482694773	0.335600579373608
SCZD	PRSice_SCZD_Pt_0.1	PRSice_C+T	0.1	GraphPred_SCZD	GraphPred_bcftools	NA	119	0.803340077173251	0.77204101979775	0.624511518601934
SCZD	PRSice_SCZD_Pt_0.5	PRSice_C+T	0.5	PRSice_SCZD_Pt_1	PRSice_C+T	1	119	0.996690957205284	0.995292693348526	0.0810090823600328
SCZD	PRSice_SCZD_Pt_0.5	PRSice_C+T	0.5	GraphPred_SCZD	GraphPred_bcftools	NA	119	0.781334072819823	0.757769548497365	0.658526230882785
SCZD	PRSice_SCZD_Pt_1	PRSice_C+T	1	GraphPred_SCZD	GraphPred_bcftools	NA	119	0.781592431312712	0.752713288705313	0.658137084454639
